Telegram	https://play-lh.googleusercontent.com/ZU9cSsyIJZo6Oy7HTHiEPwZg0m2Crep-d5ZrfajqtsH-qgUXSqKpNA2FpPDTn-7qA5Q=s128
Spotify	https://play-lh.googleusercontent.com/UrY7BAZ-XfXGpfkeWg0zCCeo-7ras4DCoRalC_WXXWTK9q5b0Iw7B0YQMsVxZaNB7DM=s128
Pandora	https://play-lh.googleusercontent.com/jm0217jbZ0VJhGU7ecHHoi7MOcY7KMvxY5t1bIsc3KSVwLNbTwkwsfvtHvQkfabSmyNH=s128
Microsoft Outlook	https://play-lh.googleusercontent.com/Zk9elS0eGXDr0L4W6-Ey7YwHbRNjkyezHC8iCc8rWp64lNIjlByS8TDF9qDSZbiEWY4=s128
Calm	https://play-lh.googleusercontent.com/S76GphUu2pZa249td2Bb4XAhLcPRrFdL1zp_5qU1ouukvRq9r0-8jJ-CruaTtdT6g84=s128
CallApp	https://play-lh.googleusercontent.com/tzJw3XO8ERSPzFPI1mpf72slbCHVTtJA4Vw-egGEeO6iVIw5V2JGMecdeJiwugJZ7oI=s128
Messages	https://play-lh.googleusercontent.com/OY4rxeNTPaHwyOTZ-RUooqJvPnO5QUYmQcw0dhD90Mu6UWItOSZfQv7ks_FscbBow0M=s128
iHeartRadio	https://play-lh.googleusercontent.com/UTfBaYUzml-7QPLpKI45GbuVjCjddn5Byi6yjzb87jPWHnrBSuAbaJDCsPMn3m6NjLBC=s128
Shazam	https://play-lh.googleusercontent.com/mwTU9-4NX-_QlATb6lILSinKI47wAtOM38GjPYRPQSsQOG2hVRY4h9OfEhDxpf8ADQ=s128
AccuWeather	https://play-lh.googleusercontent.com/EgDT3XrIaJbhZjINCWsiqjzonzqve7LgAbim8kHXWgg6fZnQebqIWjE6UcGahJ6yugU=s128
Strava	https://play-lh.googleusercontent.com/j-ZV144PlVuTVsLuBzIKyEw9CbFnmWw9ku2NJ1ef0gZJh-iiIN1nrNPmAtvgAteyDqU=s128
Fishbrain	https://play-lh.googleusercontent.com/YyCRzBWSnWssfkpcLSI8ZRCxYXcgepf3AoA_02EkFiXG3eASfBHg05Ohsb8fBVAk_Po=s128
Lifesum	https://play-lh.googleusercontent.com/xbF2DUtTeEB7E4wy0hArgj2QoxlufPiXei72K9t_1PdfFmM-ws-zrJAB7ODRwGU8smg=s128
The Washington Post	https://play-lh.googleusercontent.com/JDrO88srYGmqrOeyqtT1al3JQD0IKRS-OO7PDMjETiPuDNgCC45wJF8LIBH-QOcTMTE=s128
Todoist	https://play-lh.googleusercontent.com/GK0SwEBVqlFBpRkPjY6y_1go6E6xZzAN0Ivzfgbuf28J4TTOoOsgWnqR4oJ_RhIhsg=s128
FotMob	https://play-lh.googleusercontent.com/6L1u_v2JGG4Rpkh6UuHD8m5xNDMddxUTp6lcO86fgTzJ-SC8Fphgz7CkLZklnS8Dfjs=s128
Viber Messenger	https://play-lh.googleusercontent.com/U6w6exKdvzjRC6ypN68s6nvn8OBlNgDOf5ub9xcqvZPAkXXVW153t9KMeD8yeAVlTxw=s128
UDisc Disc Golf App	https://play-lh.googleusercontent.com/GO9VvWNLNkw2ShHzEe5u-hFpIwFeij8KQgoR7p4mTkz0Mx2zYSwBJ0YVH2s7lVSLRuQ=s128
Full Battery & Theft Alarm	https://play-lh.googleusercontent.com/uY7YCS5M6ZlMcAFHMfR2vSLM3rb-_j304I-q54Pw7tHfONoTSxMkf6THzIm1KtbHTuk=s128
American Airlines	https://play-lh.googleusercontent.com/Fv8XHfieFcN6A0QgXH68DjdowRHqagzndBt6DpfJtW1UBJktfCYHx7jiU5dVuFSVXrM=s128
Nike Run Club	https://play-lh.googleusercontent.com/jOl-XQcFGYJg827CP64nZZ43RDZDLp6PXx0du1a0VZAkKvjaUaYt2L5LH72p5xBhgg0=s128
Ride with GPS	https://play-lh.googleusercontent.com/XznbbiQpcwZ8WcOtZJ_RxNPnmLandysuWqI0BrIgLAd0nEFXq3wtviuiWNHETe2d4lR5=s128
Threema. Secure and private Messenger	https://play-lh.googleusercontent.com/eneY-f9h2zq095n7k-FeV-whgabl0W_qb_eIFp1syA_tkNpVfMFs3bTGIKHWzRs3lsr-=s128
Easy Voice Recorder Pro	https://play-lh.googleusercontent.com/w_eG3rz4w3FZQog3zbtwoe5j8wOR_ERumHRoIv7IyUzg0tHx6vOn78-_UyFrF3RHo3k=s128
RadarScope	https://play-lh.googleusercontent.com/rkIP575uIUyHtV995G-H1JRfb8ikFaS0ceg6R4f_RDncO3EguCc2eaNW36-B3uHP6S0=s128
Unified Remote Full	https://play-lh.googleusercontent.com/kZbZSyOJ5TAExBPwTi5JHelHhPGnP_18w5cMnS4OOvvY02ynV18l8ILBjxlWt7bs0Q=s128
Watch Face	https://play-lh.googleusercontent.com/W8VxKjGEM02qMlkQEhnoX6opHw4oXM1qCcRG5GadEYsE36jmLPXp_sKQnbtx1MeTXNw=s128
MyRadar Weather Radar Ad Free	https://play-lh.googleusercontent.com/n2QL8ZrouJ8CtX9mpX3tezUn16AcYkU2tDcAnpzGGdVg-YkehGT62QiZ4hSUemI1GA=s128
StayLit Wear	https://play-lh.googleusercontent.com/n_l_HMSRV-ckXUtE1uxSl18iXWxvKSywyUFD7UE7kojlHyPbGPVxH9FMe5gC7hwNI7eY=s128
Printoid	https://play-lh.googleusercontent.com/ZMeQ0j9X3A9PDHmMJA6xyDyjpfq0fcOkIJIOSmr4RO30L2piZ_CpAQYfIZuMslhYTw=s128
Password Manager SafeInCloud Pro	https://play-lh.googleusercontent.com/701ZtPqagBgasQuodBJe92fvqzAHl9NCzqMZPd27tnHJehKRi7u4DHe_0kb1f_rWgDkP=s128