CVTz50	https://play-lh.googleusercontent.com/ECViBLvTlZkN12blzS6ngvBoz1WgU87CRWq3fOnuJh3KzR1lGgA90E0AHvHigH1qQA=s128
Taximeter	https://play-lh.googleusercontent.com/R-YAg9zUNFqs_hl6EOhy-gNQhkJMZmTeN5WolNqjI_9YTx6ZF6UuOhpte0EPWVbagQ=s128
bimmer	https://play-lh.googleusercontent.com/KyuM8FpaPQaybXXqXeojEDssYxsjMtUOR-Y20Wb8Xx92LoCmwXhl0K0x9ZBuziPv7mI=s128
PayByPhone	https://play-lh.googleusercontent.com/szL1ANJ3Tu3y60lNGfh7khO0MBaA20r6FgVmJfqZHqo6cAd9D3OQZBwlwRw9lXzdAg=s128
AutoScout24	https://play-lh.googleusercontent.com/Qa90bmVrFgO950-lwOLTAkHllRsO_rBD9vRwN5q1pd_i2wQePAnTs17P2jExz40W_uQ=s128
mobile.de – Germany‘s largest car market	https://play-lh.googleusercontent.com/ZtSaR6lqWaz_pzujp64myd3shYRgbLCHFzBM-vOqB2XB3Ri0Z5BIj3ThuuEbdismJJbw=s128
maxim — order taxi, food and groceries delivery	https://play-lh.googleusercontent.com/bRDRVxur-TaSGjNFs_UNbtE4lsmmXFNTPFHwYCifSkit-TDcpMK24iMUixN3zJ_Phdbl=s128
Номерограм – проверка авто по вин коду и госномеру	https://play-lh.googleusercontent.com/cqti-569FvOpfw-0a6KLbaEWkbRQ5ONKWEVJWarZjlgbrn6gAcAcHQqbNpmf7yI7GDA9=s128
TMCARS	https://play-lh.googleusercontent.com/UakJCJLAEIVxMtcLxlRfisAC-mFoctSis6HdPwc1GbLPxWbCOa9omF4otCmoa3cEcW-t=s128
Дром – цены на машины	https://play-lh.googleusercontent.com/BGsVstNd8SGmiE-YsxYwhms9lslrw59OKFUsmNk2a5WXV5Bg17Unck6pn-2ikmIqVr0=s128
Avtoelon.uz	https://play-lh.googleusercontent.com/hlTfPDL_oS449ETusdbJCxTmDEf40E_BBtS71RShwYAHwktQMsU3e5P_zBEPoPRqzOhi=s128