Google Play Books	https://play-lh.googleusercontent.com/DglqS-eYHQYXnj8M8tmzh3JcKDXcidSo3IzgyCZzci8ZTV9Pmuk8vvIFh9XHOztC3Q=s128
Wattpad	https://play-lh.googleusercontent.com/hXzUJqlB3e2-o--OEdziNHQxSql98xxQXeFI2uS-kZx2RVSBHtf3X-IS7x-39ovx=s128
Amazon Kindle	https://play-lh.googleusercontent.com/48wwD4kfFSStoxwuwCIu6RdM2IeZmZKfb1ZeQkga0qEf1JKsiD-hK3Qf8qvxHL09lQ=s128
Free Stories, Audio stories and Books	https://play-lh.googleusercontent.com/_A8HiyJ5lOKucl5IGx5jX7PrR5xAI1janQv9bYM4YMbKJRHifC4SaR5AG-FdN5D8bE8=s128
네이버	https://play-lh.googleusercontent.com/Kbu0747Cx3rpzHcSbtM1zDriGFG74zVbtkPmVnOKpmLCS59l7IuKD5M3MKbaq_nEaZM=s128
Libby, by OverDrive	https://play-lh.googleusercontent.com/fsfzoSofx2cyzz-gFSUvSkh1TE9dDJ8lxRfBqykIuSzlfSvbX5SlFg1rXhOKvjkhGjg=s128
Audible	https://play-lh.googleusercontent.com/3B91t9YONRYkJz1dq381fAN3zxp1hnTx98Rhve6a8RT_dzqZGi2pTJKzQOoCltPSOWM=s128
Innovel	https://play-lh.googleusercontent.com/5MYTfMQdPieVlwwp-dDrvtNGELO-Juc5f1Ci6t-46IgOQzdlePWxQsLTvjLhIpwsFzs=s128
Dictionary.com Premium	https://play-lh.googleusercontent.com/Lj0twnvfFV_29_rN09DBZKElquqO2rrSqaMg-avflK9tcejasrOnjsD15G5kkM4kVSE=s128
WolframAlpha	https://play-lh.googleusercontent.com/fkytTLBPEEAOZhLHtmV8IC93iETvKDyS71bTXL5hAmNqyYk4-rPBUQbZLLrh0BDzTt0=s128
Moon+ Reader Pro	https://play-lh.googleusercontent.com/5WKDh_lIDQOfyxrboxl72cac3E2gxw2ztm0okw8h87hp7Xek0bAqpid1ozfuhuZ2pGY=s128
Librera PRO	https://play-lh.googleusercontent.com/c6PnrqJGYDlqFCyE77QVlTPPPVVALU3W-tSSCQATeXDrAU1pbaOR5tWFemeXvntQapF4=s128
ReadEra Premium	https://play-lh.googleusercontent.com/cbI_01jZP7oWKBa8I5yeLDoR-HEYkB_urY1KYJ27d6XeY78G70HTN3O_9z1nov75d2Tm=s128
dict.cc+ dictionary	https://play-lh.googleusercontent.com/b0T_iOJbgJ3BOTCJ8Z9ls0X71ZukmUhIB9KQgz9PZj0d8hGuUQ-1O24b4o8BGw9l2nsv=s128
SERIES	https://play-lh.googleusercontent.com/Ppj5g5nbfnffyBNKbtcuwmAFqzzkC1aiMLBr00Uqm2jt_FDimfubZpM8BegIsUfNXHM=s128
Storytel	https://play-lh.googleusercontent.com/r5gKievWcJNtqNdF--_Gg0PJMNflWkRKXT-CYIWtFV8WfZAG0clo_GMOAf_qnByCFVU=s128
알라딘 인터넷서점	https://play-lh.googleusercontent.com/R83BmEu0bafVZ4lNC4dNnJ8Xxt9Cn5ZbS7m96SBaCgsxuTYaWINSgexcuSq8jhAvRkU=s128