TurboScan	https://play-lh.googleusercontent.com/2dA33Hut771GFAqcGaHup_59Mx1bmf9Xxiqo41SmCkkcAhYnsV3tfQR1aoi_ar3cKg=s128
Tiny Scanner Pro	https://play-lh.googleusercontent.com/KAobj8AKwdYVONgu6LZbpzG1jCx5sjaptPOyzCgsna2uEec3hAAGPceCngjb3_kSmQ=s128
OfficeSuite Pro + PDF	https://play-lh.googleusercontent.com/abqH0jmBHaPJB3Lw7QQ44dRLIaa030YEIYYZNDOHTv9KWtGDjladfvvU43WkjUhVP2NV=s128
PrinterShare Premium Key	https://play-lh.googleusercontent.com/x4GNYIk21Fdui27uo_eoFFaJ6UDRAHyGTFZVDKzzCl-U7ePAzHuyku7GDaKJMnwcYJc=s128
Simple Scan Pro	https://play-lh.googleusercontent.com/jLwSH4F4omuAzehR9W6dQio_NBYJfZlygrdJR1_Wa8Jb2N2P1iFQgksVWTPjtPF92g=s128
Mobile Doc Scanner (MDScan) + OCR	https://play-lh.googleusercontent.com/v8gm0jaQNsmT2ADfRse4SO7voBqu2QOy4niqxUep91iW0sRGJ1K14xbA4Vq1b-YL09Y=s128
FineScanner AI Pro	https://play-lh.googleusercontent.com/9AzlZ15-K0DwxHO_uogIvtX2KDDrCLkAtaUGjQn9kTZHorv2u6_8tdP25cSOn6BpjA=s128
ZOOM Cloud Meetings	https://play-lh.googleusercontent.com/JgU6AIREDMsGLmrFSJ8OwLb-JJVw_jwqdwEZWUHemAj0V5Dl7i7GOpmranv2GsCKobM=s128
Indeed Job Search	https://play-lh.googleusercontent.com/_sJ-ST-crO8lxIzTv44xv_hiZvA6X7X2-8jSjhha2RfYcGSgACRod38yA6dfmcJHy_M=s128
Microsoft Teams	https://play-lh.googleusercontent.com/jKU64njy8urP89V1O63eJxMtvWjDGETPlHVIhDv9WZAYzsSxRWyWZkUlBJZj_HbkHA=s128
LinkedIn	https://play-lh.googleusercontent.com/fqYJHtyzZzA4vacRzeJoB93QNvA5-mvR-8UB5oVLxdYDSTpfLp_KgYD4IqVGJUgFEJo=s128
DoorDash	https://play-lh.googleusercontent.com/trfOy_Wg9gQTwGcoYJNushqXIV3xFhWBReAVWM5IPqspN5N811YhTKQCG48anNS13HE=s128
Google Meet	https://play-lh.googleusercontent.com/GBYSf20osBl2CRHbjGOyaOG5kQ3G4xbRau-dzScU9ozuXQJtnUZPkR3IqEDOo5OiVgU=s128
Microsoft Authenticator	https://play-lh.googleusercontent.com/T7_4mv5aTo4XdLWz_vAQ2Hg8E-uMf_XUZMtdHdnf5ifZEP413DhOEDo2YEMSSL1Jl4k=s128
AnyDesk Remote Control	https://play-lh.googleusercontent.com/raHvIVqJ1ELefflInCw8h2Dtm-8FAHMauAhet-XA6cQuE1-NPmsAe5-10Rz3-Iwr=s128
Meesho	https://play-lh.googleusercontent.com/FqptWnQqDgPtR9xaqo9GnF9BJcCM8l0iBHOJS32JCyYzBUv_Kzb_Z5TJJEP4AH8zTw=s128
Cisco Webex Meetings	https://play-lh.googleusercontent.com/_8joIrDlTdTZ1cKVVnMoQ9KG0i-A5LCZX8N3w0MmFljiIsV8T2jkcqhHWndrKs0ldGuX=s128
Slack	https://play-lh.googleusercontent.com/lV1DhBeSuikQy6fLPhgfNHUxDqterNlur4oB1Z_Yr0NOSiWwQOD0g8gWCjVf1mmMuw=s128
GoToMeeting – Video Conferencing & Online Meetings	https://play-lh.googleusercontent.com/krVeVUWndHhbfgSLzl3BxoiV6KTiDFGpucjlbNUsWXHJpKUo0wDqvVzj4OebrAhssQ=s128
e	https://play-lh.googleusercontent.com/6cfkfK3VEs461QmIMdZHHwOeacOdsCMo-ig4P7pQ8CV3tWsVTQLL8pU0kyfdgcfZS8ck=s128
Beeline Uzbekistan	https://play-lh.googleusercontent.com/ewXnd-DcleoJZdtxhMuiaZlFFncRMtnFrVK7b3r7-7sPP8Vw8GoaDki9oe2Vzsa4M-M=s128
잡코리아	https://play-lh.googleusercontent.com/BSxnvgmjKGmdU9QeMqC4Yn2kiJlhfOZSdhZKUzdvP6uhhV1xDky4VtKjBtLtTOirv0s=s128