Hinge	https://play-lh.googleusercontent.com/5P5svqXNCWqE0NtHSV91pl2YUGKJ2aitjaUWIVZd-65AtskDVO2o9bpYx1oAV9fr0-nt=s128
Chispa	https://play-lh.googleusercontent.com/y3ABynYFePxq061XJMiYJhBAxNZTOlm-VesMHsinzBUX6-wq9XN1Fh2bZ8EU4KXYnTKX=s128
uDates local dating app	https://play-lh.googleusercontent.com/W9smzYj0B_9RLAIiEA_GqHJP1I6X0nxmwNvdRdbSXS76x4-nVI3meKIBZgNZvk3gFaxc=s128
BLK	https://play-lh.googleusercontent.com/iJPFgFYmvZcHYYiqth_SKO12apGRM7uDPgwzDwAEKvvJDxKCsYzZbpHSrrsECVJQzaA=s128
Zoosk	https://play-lh.googleusercontent.com/g8AFgxUkybT7dsjn5DfTdbGg0Ij2lk0AYxpf6qBInZKeJNLI8f5AVpZq4oeqqThbt7s=s128
OkCupid	https://play-lh.googleusercontent.com/zdy6PIoCcUg-HxF6VzDnnuYy0jRHvnz0UPBvp4f6_YBrR_mBwFtHO19jV_JVIMLrihQ=s128
Match Dating	https://play-lh.googleusercontent.com/ukr7d1om3bb5iOL3MENy-6vCF1NO0RMST8J7VGSrCxdpRz5oHbpx1ANZMedQdi9D_A=s128
Clover Dating App	https://play-lh.googleusercontent.com/14VVpSCGlITX_BQ1vrHrugrDMslGkFusxpQSQChTEI9DyxIDOtmZfJjvAJTgfDdPpA=s128
Upward	https://play-lh.googleusercontent.com/PfxTwF_H_mfNk7igzr1LyNDwj19uTKr4Yr_a0PLKCKzXSW1nSo-trugHZ_-EuVEK41w=s128
iFlirts – Flirt, Dating & Chatting for Singles	https://play-lh.googleusercontent.com/VqlXJvDpchf1u1wpAntQyDExDNTbauUqlDZkNba7SxovcKb2sUuWUfv-kh_LZvtzrw=s128
Ashley Madison	https://play-lh.googleusercontent.com/po3DigFhOVgQFDjeY0Vdstm-39ijIpXW4bI51HCSx68OVLHnrJS8zn0hWZkXviZnUao=s128
SeekingArrangement	https://play-lh.googleusercontent.com/3wj7INVN5_2fUUr__yJxgjuH4Jc5yjYadefgBEJFSnOdMfjXvnNeE-TKBduer_jU9JQ=s128
Coffee Meets Bagel Free Dating App	https://play-lh.googleusercontent.com/2mJVjIklB7PVlN2T1nXt-z2nHvp_0hbsxAiQi5d-Xif1vlBWla3pE-PwW2zhMy_zPNIQ=s128
Who Woman You Like	https://play-lh.googleusercontent.com/s8Z2a6Jmrfb-K3zDr-6wrthuTicvsRno6Mn11U9Z3qy8WH5C7cEiYR1pusJbGkDTLdSN=s128
چت و دوستیابی رایگان	https://play-lh.googleusercontent.com/q_0oDq11bP2fHn0cQHgqICBoVuaIIYnhdNPr9mDzSB514C7JMX-JRzLdesJLSp_TeQ=s128
Fast Local Dating	https://play-lh.googleusercontent.com/k4cXU_eajQwupBc61fAFwWzc8gufGnvKWAEauWZJt5Mvd7S8isGjt-MIx9Xn9HdLfaVa=s128
Findella	https://play-lh.googleusercontent.com/sNYcSFxPX0mD1YlYr0WCraBIwMCcxve-XtvAh9CtINwM92OTiCxuQL7jJPJ_FYkHWDg=s128
ChinaLove	https://play-lh.googleusercontent.com/a1guOG59mLcYYFTvljCDOHErfUElsZtACX3jPcw9NIwUCelbxt_swIY8Ig3KtueZRw=s128
المطور وتس بلس الذهبي	https://play-lh.googleusercontent.com/0SDZn5xuT3Yl5JHfCHse2MK4f7H3Bs-On2q3bMLfLk7HgozTQjDyMzDhIEnntBuHhQ=s128
Cougar Dating App	https://play-lh.googleusercontent.com/5qoh0hUZ94ginFgtJLKLjUoRT5ScnWJFk0bPl74DIwbR45kDAQWLXdt4Q3Di3cvn4w=s128
BBW Dating App	https://play-lh.googleusercontent.com/DlYDKeUXi9gwaSDHuVQ7v56gmEIzUEUbpdNmo-w0uJe5ES2qlAkYAsyE0Qa7LV2dv6I=s128