Tubi	https://play-lh.googleusercontent.com/ena1ihXTWUe9ZZr-nUiaE0V7weXPx45cxxpyzk1RQ0zmXTLnI1aI8XSKlKy8af9XUSM=s128
Google Play Games	https://play-lh.googleusercontent.com/szHQCpMAb0MikYIhvNG1MlruXFUggd6DJHXkMPG1H4lJPB7Lee_BkODfwxpQazxfO9mA=s128
Pluto TV	https://play-lh.googleusercontent.com/gIiZK9ZUU7tt8N08ozfe8OPBnW-KPREAHdbN1WDvqqSscVdAQuuP2_i2c1Gm2zHJ_S9x=s128
Xbox	https://play-lh.googleusercontent.com/hihXCV-0wxOXB5N7uBREaJeCVK0BDjNEBtKwNAncftZMflpEvasiKXn7vCKxu9qGpvk=s128
Netflix	https://play-lh.googleusercontent.com/TBRwjS_qfJCSj1m7zZB93FnpJM5fSpMA_wUlFDLxWAb45T9RmwBvQd5cWR5viJJOhkI=s128
YouTube Kids	https://play-lh.googleusercontent.com/S4wylkvt2jz16hnG9IG0pAZosbB82nWWy8P-rQkb54uH-SCVd5L2j7z7x1Vz5pZvIRc=s128
Disney+	https://play-lh.googleusercontent.com/xoGGYH2LgLibLDBoxMg-ZE16b-RNfITw_OgXBWRAPin2FZY4FGB9QKBYApR-0rSCkQ=s128
Amazon Prime Video	https://play-lh.googleusercontent.com/VojafVZNddI6JvdDGWFrRmxc-prrcInL2AuBymsqGoeXjT4f9sv7KnetB-v3iLxk_Koi=s128
Hulu	https://play-lh.googleusercontent.com/yaoCLYMiku0a1Clhpm7EF8ARMza8EnmWSa1MYoeXysIo304UvLxRwPpSsO4S_orZYnw=s128
Scanner Radio Pro	https://play-lh.googleusercontent.com/HlgggGJuLjHjciDMAPociJQy66-caro6_-UNlcFEDygqX3k7C1XS3ooG6X5baFfkrA=s128
Globoplay	https://play-lh.googleusercontent.com/FGkwAiCMsdzHLpWnhk_rG-LpcIoCNgJDMrMCKxf_LTaXiWEboFAyeMQCf9eDI4MzjOg=s128
CocoFun	https://play-lh.googleusercontent.com/bTn01h3v2nadHwuT_hde49sXpni0np0E-Dn6vNWZ79WBiTr-FBw1tFbN88EckX9k_SE=s128
HBO Max	https://play-lh.googleusercontent.com/mTLXQm3MIjZO_U3LIJ2EKacnIKo_1wmThe-UZsj3kkXAqHtbd35JvUZ8YR96zIkJdQ=s128
Roku	https://play-lh.googleusercontent.com/bAPotNdH58s4mYRsvgqOnM5FVpyX0U7-uf2orQuYvdfWeVa9ADcKPCCnp6U1DTfnH9w=s128
Reface	https://play-lh.googleusercontent.com/C75pm0OwfckbJAueHn2psJXr43vF9CypVOHydVgRHA8JHXEFJbO479DIBpfUo1mc2Q=s128
Twitch	https://play-lh.googleusercontent.com/QLQzL-MXtxKEDlbhrQCDw-REiDsA9glUH4m16syfar_KVLRXlzOhN7tmAceiPerv4Jg=s128
Peacock TV â€“ Stream TV, Movies, Live Sports & More	https://play-lh.googleusercontent.com/IdHOrlnq_yC9w5NGHollnGnunojuEW1_-8g32VaETN3kkXkTOTi001XN2TBykRC3Tg=s128
discovery+ | Stream TV Shows	https://play-lh.googleusercontent.com/XOYXQfbkJA9HMEGryVjl3sJnCSgvHWb9J4VQCO5qhGRj0Ue8bgw0kzuXTCAWSA41cZE=s128