Zomato	https://play-lh.googleusercontent.com/aQJ1QQGZIR_4EqhTcnb1Hc_c7XIWIswUUwUTZrfH843K6igbz7d3tC6hDFj8uS6p2HP-=s128
McDonald's	https://play-lh.googleusercontent.com/J5eTDcbu46o_ffTG39aXkuO2BKDtVMln570u7xn_z0MeR_UHtAW7YVUbpix1aJYe4g=s128
Swiggy Food Order | Online Grocery | Delivery App	https://play-lh.googleusercontent.com/A8jF58KO1y2uHPBUaaHbs9zSvPHoS1FrMdrg8jooV9ftDidkOhnKNWacfPhjKae1IA=s128
Yemeksepeti	https://play-lh.googleusercontent.com/ephWp6k0kfuHwoBHchCCJhqdhjBpyFM85jJE95g7NFl1cKKTPZ-1GYhoI-ToYkyi1eM=s128
foodpanda	https://play-lh.googleusercontent.com/1keEOkk2GrxZpaRH73-vDqpAXhJNU9tbP5mfk82X6YxH8EhnU2JPOb5w1FLUJiqkEg=s128
Just Eat UK	https://play-lh.googleusercontent.com/kP9J24bcy5a_38VlWAqXTtQMOV6OyA6L9V1kiGyGATdi6iwb9xJ7M21GoAM17r2Yqk4=s128
DoorDash	https://play-lh.googleusercontent.com/Fvled-zLfL8ER0EBNIk-FnunJCcH2u_T6rdITclOFdU2jpEopdMstZOHP-PtuhP_5coZ=s128
Coupang Eats	https://play-lh.googleusercontent.com/VVxIA_jSqBzwzRSE9SXItUNLhT62QYdFNvCWT5msNIV_NXGJHi_C3GnyLvL14-niVQ=s128
talabat	https://play-lh.googleusercontent.com/2EOhV_NEYBaMxUId9urnt2bmYInGfMquLg2bRLEWysFZIYIPdqapkETzr1YWPfNEOZDE=s128
My Cocktail Bar Pro	https://play-lh.googleusercontent.com/TZ_syGaZF9-Zd_rJGAzEJsgJbZUkWjPls2KqavXlPUHFIIFL7Wc62OXlzeU2Wv8Y8qk=s128
Oh She Glows	https://play-lh.googleusercontent.com/FoIz86UoBgoWtd-2BONsJqHyTHANnr3Ck61K6dRLTBPGrZHgycNW3pi3RtqpPwvxUA=s128
Cookmate (formerly My CookBook)	https://play-lh.googleusercontent.com/bjYyviokrsBBaRgXZYwBtt39elWxu7tmehe_qy1gkI4N7oTkfrZRSm7J9GBzhcWxKWg=s128
CookBook	https://play-lh.googleusercontent.com/f_SidbeU3f8jvFkXNxPWtbduD53M-RrMzH7QPyL9tpala_YKk55txTZhxh2vPXBLbQ=s128
Backen macht glücklich	https://play-lh.googleusercontent.com/ydzdqKz8L7kOhdmxpooO2gWgLggfrDgq1LGEa1D2GrZ9oTy-cknDdZI2NSrZpObG0tCA=s128
food with love	https://play-lh.googleusercontent.com/RkmRUhD3xRd30xQ_moF2xnq5ImfC_0nCfNtngTny6ETSPuxD75glL5PD0Ph08PTJGg=s128
Grubhub	https://play-lh.googleusercontent.com/eBg3GUeVi_dWKWk08QTSCbZpGjgxG3-CgIaU7gk9Xe5XIYqMp1cyZm4155zXbZv3feI=s128
Too Good To Go	https://play-lh.googleusercontent.com/ckcVaBWKLl8u8B6UKdpnOik3d94cBd59e83fvs2iLlNEvJR3lffMf8eI0rD5UchJUcg=s128
Uber Eats	https://play-lh.googleusercontent.com/MMBG4AZmpMhSfhF5k7QnFmhvFbaF5ZC_BtEOIKRt9TIkUZjul2lWwPZV75PwTfoSm23-jgMxkroRGA-vkDg=s128
Delivery Club – Доставка еды и продуктов	https://play-lh.googleusercontent.com/m6-gFunvj7aQD5fdv8EdJZBN5M4REIobTaPZPYS0K5Td7CNYnazN7fOKiPwwaY3hJw=s128
배달요기요	https://play-lh.googleusercontent.com/Zkel_nNv9Hq8met65g2HkbCYMoR0tZR5TaWaV5ZMqsfdwY3naycvlUKkarBJOWNPjpo=s128
Rappi	https://play-lh.googleusercontent.com/zzlIRBWzuMrXkt6USMcpye4rr6pttg3Asj5tuXt0kQ4xPvCCgwZz4tBtAI6ws4v2MhU=s128