نشان	https://play-lh.googleusercontent.com/GUbX571uchdbNoKWleKno9yLBnroCwwF6ytg7SwqXkPC6IyqdJtGb3MQpml0FVe4ZYE=s128
DB Navigator	https://play-lh.googleusercontent.com/6ErQQ0bzaLghv2F2dm5smkPjYQ_t9uep0yi3OSYY16O9QdyQfV1Uj2TW5MT-wRHJbg=s128
Waze	https://play-lh.googleusercontent.com/muSOyE55_Ra26XXx2IiGYqXduq7RchMhosFlWGc7wCS4I1iQXb7BAnnjEYzqcUYa5oo=s128
بلد – نقشه و مسیریاب فارسی	https://play-lh.googleusercontent.com/gOcKhMI_4EPDajybr2kcn6TORv1Y8jHGMTfWXjo0EmI-DfprSo_beb8XLmX8XlTivdc=s128
99	https://play-lh.googleusercontent.com/kZ9pwXneW4EAWtGNMsCL6bWQe5m7RDEYbGd8inBQgpuA-EkBl9nqapdcIq3eqPGBp-w=s128
Ola, Safe and affordable rides	https://play-lh.googleusercontent.com/FEloWOGywfRkEZL_i26Yb-yxr4efIe_xXD2ZIF3seR0OQ0B-Z1FXSamCv4XrwdrW8N4=s128
Uber	https://play-lh.googleusercontent.com/qy_wZ92sFQccojEtscg52vtdAQmCIeQ4jsybMPmuML9Or7_SEOyrt0Jn0wyG-l2Fyw=s128
T map	https://play-lh.googleusercontent.com/w7SvTakxVxmJUn3J-BhYeu2a_2OEXOdDtWxcxUMyGccugocTPNwhz89oRSFJ25jHBnk=s128
Kurviger Pro	https://play-lh.googleusercontent.com/lzjg0p2s7sFHTKHaPyFzlJgeRlgarvZ_FaNLzGNyVpBABTOqxGRtSYDurt5QW_gzcFDK=s128
CamSam PLUS	https://play-lh.googleusercontent.com/dl6EsdcYElItuuwkbZAUDBH-BJ2zOhbQH1BAaoGi3udjai3ElGLQ7MMCKJczE4zVhqo=s128
inDriver — Better than a taxi	https://play-lh.googleusercontent.com/ioUK9nAVG1Z1NmwWjbz-tR2us23qXjmYiX4bP6dH-tRYr5i7XjeSGCfyZbY6pe3PARE=s128
Snapp	https://play-lh.googleusercontent.com/aEFDHK866p7AZUL2pEhRjSfMU6pENdPNRUxKz6cf4mKsk7M2THGRAY9RF_Cbt9mmHwY=s128
Kakao T	https://play-lh.googleusercontent.com/mphI7NpqsF3eJ-DbwW_GeJA7nNe2oZ7_cjTomnDsO3RWhYbgTMWEhZhfTv49yiFyhQ=s128
Lyft	https://play-lh.googleusercontent.com/ACQqLgO-aRSvB-t4TOPtJBjH-KdUA3BUpcrk1LQv5CPrxtL0JaQKeCL1AhygE4kHqg=s128
Citymobil Taxi	https://play-lh.googleusercontent.com/ReEC-i6XRFTj6aRJzpXc-5P9tCcgRIRqCFVXDxo-vxY-j44XHGUYKRHNPKahw71KNQ=s128
Yandex Go — taxi and delivery	https://play-lh.googleusercontent.com/cgPJXsu2GMhmAK3Wv2ecdiCpyyNoV_4X23phsFurN7CrSro2mrZZb2JVQktfvuyPcA=s128
Yango Pro (Taximeter)—Driver job in taxi for ride	https://play-lh.googleusercontent.com/_11hFM83dM1Me-e91TaBuiW4GtX_SmYb_A2emu9hFz7o_7Mmlvg9Uips_jnV7wrWlQ=s128