MyChart	https://play-lh.googleusercontent.com/YPtBGr6THchfNi4KIo9P4A5TePEia_daTtMtsqwsURjYqngsLCRV1-NUah09z0kcBXs=s128
GoodRx	https://play-lh.googleusercontent.com/Yk_Y0PzXNYhK5__nZGvf97qYIBlgkniyHvskhm8KG2gUxEznGnD5k591cycg9K0ot9ei=s128
UT Exposure Notifications	https://play-lh.googleusercontent.com/3qoT0oB5AxyNbfyuMy1tM5Hg4bvLKLv0h2zd4Bi-NTisqhX_pD3M08dA8FkDMsBjq7Rq=s128
SingleCare	https://play-lh.googleusercontent.com/0E2ul0UvJzAwdo5vckZwNZVIymJrqmKOdLeEMSSPsDxX3cYlsJdAAz-ez8ODlOsmlg=s128
Teladoc	https://play-lh.googleusercontent.com/RXL7nY0qIxg_G6d-PKRsvL9QetCQ73AznMmmvzoPX9n1F6zaJh8T0vsOfqPcNZ6LZA=s128
FollowMyHealth®	https://play-lh.googleusercontent.com/1YN9d1sbpXT9ne95CggmlDcOJtaRtgd9_DALcwyQYdcJx4I5iA4lTAVlJY4uhbkqM6UR=s128
RxSaver – Prescription Drug Discounts & Coupons	https://play-lh.googleusercontent.com/Z5wz-a9cHyjCpVtPwEet9t5yZoh59qqLaV455OXrGvz4gKpQUZW6Ia_ARGENzWbJ4D0=s128
Optum Perks	https://play-lh.googleusercontent.com/4OEeDSGX2iug1hNMGoWCPLG6HkZws01e2q2DltcgzzDnvMDCmtiy-wJ8gXEcscM7QdM=s128
Weedmaps	https://play-lh.googleusercontent.com/6ypMtNNafH7Yxe92BavVo8QchH_iu46rmgqL6tQJsFJ6evPyOIpoWFJmZkaJJ4Eg3AM=s128
Aetna Health	https://play-lh.googleusercontent.com/lH2PBKuVXg80Ylc1n203IgggRvnEcfvlEvPaIh-6l5eaSpVF_srFFs4NqcQhyWgiczM=s128
epocrates	https://play-lh.googleusercontent.com/LCpnf_F5uHqeRhdeJFmahEcKntQCElGB4Kg5ye1RSvk59tzhjZVjFSLoTBe0zA-ldA=s128
Vargo Coexisting Diseases & Surgery	https://play-lh.googleusercontent.com/HmihZF0zGQa2M0ZjYJPG2oBlY5M5a3tDJMwZo2w8ZNN_eZ9M_6fqRu4qZ1rOlAzZIw=s128
Sanford Guide	https://play-lh.googleusercontent.com/PX9xJs3y0iO85C65O7C9d8Q-rNOnPNXNGszCza1HYroRlOH0TF0Zd5PB-eYJvLAkMg=s128
Sanvello	https://play-lh.googleusercontent.com/zdkBgIAx4BA6e9zwIuzQjLu59fF40UahyekuNISeTCQPMuJMjbweFB13meGeSZechbPh=s128
My Calendar	https://play-lh.googleusercontent.com/tAsMemeCgGqXOzjSbwLv-5oUqpPAmD11CBbU_nhjtKFOjdEnbmuxpwajKmiO8Trrd4k=s128
LabCorp | Patient	https://play-lh.googleusercontent.com/qBdjt3-_6BQQSoue3WshrPpw0HOuxFOowgF2RFumUJzxv1SEPQtkIHzlxReGGMEEWQ=s128
Rx Discount App	https://play-lh.googleusercontent.com/uTCwT3AvWaAdInMWWkLUYgbpIrmzzbu8OHurFTA6DgpzBOSVrWfGUXOvIA-LOObmFMsh=s128
MyQuest for Patients	https://play-lh.googleusercontent.com/3WK1YAM7sVsOLTUH2Elj8OBKXC6cilBsYLOAr7WB_GT0I_475XjOKyYkcUBBbc0hgnw=s128
CDC Vaccine Schedules	https://play-lh.googleusercontent.com/h7aVd8wwt-8Bxo1VupOEw1eHJeDWLi6TwY3aqnl2hjVhDTmUC91264tQOg9ghDBIkg=s128
Ornament	https://play-lh.googleusercontent.com/V5rQVcRSyppeyYu0gn76_GJQpYM3c4OBTzeqKtf-SU9Kt4iYKSSie3yWumIwaAhWog=s128
Solv	https://play-lh.googleusercontent.com/cr_AeCtgHNd0UOqGkPAO2KzO62QzctJVUvZJju_Mmp2OQcoZUmlSVHiG_sr9IgKj7A=s128
MyUPMC	https://play-lh.googleusercontent.com/Ji_44ULUOikAcn6ILhX9tQpLp95gC_8U50S01rdVcmaJXxGsB6Sq0rW_iqCBi0ZeHA=s128
ASCCP Management Guidelines	https://play-lh.googleusercontent.com/mk-Z4XqNYCSnUcYlxlrOEf-4vYiYlS-M3knHmIrbfSF20IFo6sm72MSLfavBnp0mGG3_=s128
SnoreGym	https://play-lh.googleusercontent.com/iMSkl9aAdAOwzCXiHYDoHa87DWSZj_Bnv_zlm0GqmVSbHcEROkwnf16nabrjdCEHUZFq=s128
Pedi STAT	https://play-lh.googleusercontent.com/ZX5_fYepo4yaeVEy4JFKRFUT9qZHwOLXZ3cZNy4bgLqV4zctwhlqynlP3jjuL8tTnNU=s128
Freya • Surge Timer	https://play-lh.googleusercontent.com/NmM_laQvzlkeYBfjLv0XIXy1JepEIMqz4_B7jsvhFFqnrq7P9C9Vyx_W3lhcldhhJj12=s128
Journal Club	https://play-lh.googleusercontent.com/wXxmjr2gWKKqMY4bfDID6KfYVTaCcf72_2PXby205okVqzsu_Vh51umnSS_Gmp-BVZyi=s128