News Break	https://play-lh.googleusercontent.com/mbFWEwNzPfKW_-ow_kxjpqgaUVd2djgvM7SJcS3gcHhx7Ycx_zTF9PpZcQr0Lwi8YJcE=s128
Google News	https://play-lh.googleusercontent.com/b3MqZswO8F7j3lcdH01kxzaeHa7vUndy7ma_JwdM_j_Vpj8LKZcKt0HmpORQ7CKF2A=s128
CNN Breaking US & World News	https://play-lh.googleusercontent.com/m05SBF4omSJbBy-EnPClGH_yAVvgAn6wr6KQwdtXhn6ATylzMYYJb6WaW-pNbtmqg5I=s128
Dainik Bhaskar	https://play-lh.googleusercontent.com/oxDyxSyoNefbm3x8qC4TVgfk1aT2CQu1xQErXfQxkU_y6NmYxz4b0rvn4QWVr1Artw4=s128
Dailyhunt	https://play-lh.googleusercontent.com/Ml7kliqttZzEpXZTHty2LOGyt612poDQ1QoEL6QBoMsK1JyZHlyStKCrjhAxW8Z6e8Nj=s128
Inshorts	https://play-lh.googleusercontent.com/lvAGNNFIBMC3ZgS-JJcSwDzpSjOGMg7FGY14FrffJobLOed9-H2DiuZwknsIwVwKwTjo=s128
rif is fun for Reddit	https://play-lh.googleusercontent.com/7eZdn-k3hT4CyxcEztIRPgZiaCS13bbombYFnonJvMRttjHFUzVSkJce61x6pyPiHQs=s128
نبض Nabd	https://play-lh.googleusercontent.com/VdbEni4xkhLJCbaF70RMuoGlrSjfDZZZ9ljkUb7cSPFEf6V7sqhcBbBiXUGzADpGk8CT=s128
Nextcloud News	https://play-lh.googleusercontent.com/dzAkD9B0UhzQWE2IPSxX-IPQMjfTattrVIDXsf8Kyh0j5J8bBD8bQXQ0iK4MOQDTYRY=s128
Relay for reddit (Pro)	https://play-lh.googleusercontent.com/RLn0U8UaYpMEd0vdcJPVrUvizUTVUvRoup6BQIHF6gZYHdu7__F-3qNYdXoV36bbfKQ=s128
Conservative News Pro	https://play-lh.googleusercontent.com/eU8svOXnVAQPoXhEGgMU-36iS1J_VJe3xA95DTBQWHT3ApgFTMHhl_x3ZHwpkwIpbf0=s128
TwitPanePlus	https://play-lh.googleusercontent.com/ET-F2EmBgnAK_wCvaN2EAQb_Q569B17rMjKCE_h5PS8w9qBAQWJyTxAncsa5tySZ-8c=s128
Breaking News Premium	https://play-lh.googleusercontent.com/sl-Pig_0iEaWsYwfhIXIukGuuyObPoucxp1Cc9PtHrIwZajh3INjKELKSSe1jozqt3k=s128
Opera News	https://play-lh.googleusercontent.com/k4P3OMHi8g3ofGEYxSWtF95D5Wnumc9VZ_d2FScWr74-K-9XzERHFmDAVwJ3GK2P0rk=s128
Pocket	https://play-lh.googleusercontent.com/Jgl7C0anIk2AVTWq-an0dV3HS8pvP-_UIyrTifrNGxcReZT9hQ-LWUQ-I3oh94_IpA=s128
AOL	https://play-lh.googleusercontent.com/oJx9HgvyyM6Gk1B2wh8_S1drVBgToEn1KH5WIgX6r4l_lrDLZPY935YgeLGO67qxSh8=s128
4PDA	https://play-lh.googleusercontent.com/THMN9slpf4-6ylixfXbwJ7pofDQM_RMrL99LZA1iWjlEdIadk_HdPLJJbLHQlTAQ2iM=s128