Hex Installer	https://play-lh.googleusercontent.com/dhFI8vJHOZnUuwrnX_yfWSsW43CojlEjpSR3aVFecO6oa8VxrsQFf5m8fBieWE6-sKI=s128
Crayon Icon Pack	https://play-lh.googleusercontent.com/MmLHNN4_lwIN7kMG7XWnOxSYbEju-FBMEn8oDj4Xt8t9EnnH6S6GQeMHJDWpGfeDOSpM=s128
LineX Icon Pack	https://play-lh.googleusercontent.com/7c0RsRYgfdx98eSwGfq-69BGzBg7t7WuydIqvlyZX7uN4dvs1IUFxUYcpUbokuDqJcf0=s128
Tigad Pro Icon Pack	https://play-lh.googleusercontent.com/7GzMYkGWBSA58jvBapxfC2JJ6h9pc-mpXzuONx0fDP5jhzOy_kZGdBaSboRF9RcmQw=s128
ZEDGEâ„¢ Wallpapers & Ringtones	https://play-lh.googleusercontent.com/Z63o8yKRMfj7W9E3DLYLCU_Hsg0377EnpjFDsq0069AemARWxhcmykS1M5SaSgnbHNM=s128
Nova Launcher	https://play-lh.googleusercontent.com/ql9wp6-XlEsX1rmNrXR6yeCcZiroP2S8qv-NOAGRZbFfbLW2dDxW4od8CjJyRSvb9Ys=s128
Shimeji	https://play-lh.googleusercontent.com/MP8igcrFNLDAEOtlo2j_UUAtTTUWUKFsCd7XxBwM55ZB0UG7-fp6qy5PuV3akomAb8Y=s128
Launcher iOS 14	https://play-lh.googleusercontent.com/yLcxn_gIdp1XhifPN3pex6DnPzu87otUGVgsZkAvuMtmAS38fd5oG3TgoZVFsPfk9ms=s128
Clone App	https://play-lh.googleusercontent.com/uir47clrbx2GPaLRI9fSPfN6FXVYleOnNCUNgQEqNcegnbK6dMFnLajpE0fyI2NqTA=s128
Parallel Space	https://play-lh.googleusercontent.com/2f_2HkoCGtyxmlAJf_elzlOzCogXpLsdNNZuCvv3mjkDXX81AlHVXItILvluQxTzams=s128
Earn Cash Reward	https://play-lh.googleusercontent.com/3nXKbkRR-0Bt7U_0l5Oq10mUidj8jKF8osG9F_BgXSi10L2p9aT782huz7NBpuUwdg=s128