Google Photos	https://play-lh.googleusercontent.com/ZyWNGIfzUyoajtFcD7NhMksHEZh37f-MkHVGr5Yfefa-IX7yj9SMfI82Z7a2wpdKCA=s128
Adobe Lightroom	https://play-lh.googleusercontent.com/CQk2YGH7nnXQa4nm3_ngHzx4lc04lR2i1a2tSL0WH0pSI98d5ylmATKbfSiO3ILGy88=s128
SNOW	https://play-lh.googleusercontent.com/R8-LD7m5rwQwIdAit3PwUG8QgYoDecAZBSaEuPAjhTpsG6mkqo130b-RKm9RrXBj-kI=s128
Snapseed	https://play-lh.googleusercontent.com/Rilq4obCk7XIl2Pjb8XT-Ydh_aI3hBNeFwro9fFXrIAuC-zPxCZ4feE4rx5fZ3jHNLw=s128
B612	https://play-lh.googleusercontent.com/MZQJwhOkgsXWeR-5-dey7Ckras4a9xx2JN8ZfQ_Twz0otjKwUcT6qkPWo8OheOShWeg=s128
Collage Maker	https://play-lh.googleusercontent.com/Ml9oBSqF5mshtQYmuLEfoUaLmbTtHHcUcqPVqIusAvhstlWTu3DqR4qoQ1b72J4Aew=s128
Photo Grid	https://play-lh.googleusercontent.com/BZ5gVYU8d9zX2_GmWMZm7je2sxB2is_x6pz1rC4rnPdCaJeqrQQ4LDLpKYYpyhQnh-c=s128
PicsArt Photo Editor	https://play-lh.googleusercontent.com/RmvBSjkThmix4S-hDIeIOknlmD67ZAah0Kfklo31ZsuMfRxni_B2oi2q01hWA_OsJw=s128
BeautyPlus	https://play-lh.googleusercontent.com/JbtZ3dvm06dXhAwU6dPPGXRmLOozjpxWobi3s1n5hM8G9-7xFwq5U5pgpc9WlrLnXYw=s128
Manual Camera	https://play-lh.googleusercontent.com/OiTzj9GSZfpW9wozsKpLXmx8EkdHod_Tr9Xot2fcwuA4plP0mEbBgVeFWpi4LiZ6kDA=s128
ProShot	https://play-lh.googleusercontent.com/iXnwUCUFJodLcrZh9uwyiMWpWuKnBFhL3LoBOVdYZEXAlotBwEIVa_uVL1pcM0cDPHw=s128
Camera FV	https://play-lh.googleusercontent.com/loGdokq6aLA7pIEBFi0KTPLa2ykpWawUenVxm-0amDcrNHjK0qMPc1Hg6Pg4fKDKdg=s128
PhotoPills	https://play-lh.googleusercontent.com/U00tLP776B-X5k-OkrJ1CcOMdfhd242UxvDsp8DPLY6j2LY0hvivmzFmuUGa7GbCZks=s128
TouchRetouch	https://play-lh.googleusercontent.com/G_TE35bTcKM6tPTxPuZy_gz5JxnJSdMahz8Lcv2dUQ4QiwLoAflyaw6xS529mlHA5w=s128
Stop Motion Studio Pro	https://play-lh.googleusercontent.com/LWqA5MMh0crTb-tt3hEK5Zvvqa7NfuaW3Tgtwwm1JicNS7k24zywCgxju36lS9eArks=s128
Simple Gallery Pro	https://play-lh.googleusercontent.com/AVZZZbUEx3alBo-SsECDrrdM5q9lSr0yXxjydJuiilxyqrMjqYlcK9INd1uUHem12w=s128
FiLMiC Pro	https://play-lh.googleusercontent.com/RbJPza4n97TCYEO48P-gqrgQWzwv2sySmuk3vMT2nisX1ugJfDn6wRr2rr7gdDDgROw=s128
Remini	https://play-lh.googleusercontent.com/e8RmAyXaKy5plJs7oV3p6vx2C8c5jonDsefLKvAG3w7YUB7VQYRJ2jFM4E0PBuZiQQw=s128
FaceApp	https://play-lh.googleusercontent.com/EEQ6z_3i9Co5ZMdp7qCSGiFd9ionjxLz3rMmDWVO1wDwUNi-EaEZFm4fyG5GWMrt5w=s128
Video Editor & Video Maker	https://play-lh.googleusercontent.com/mjmbWruxfo8oYHsBNI7b76KLj1AEJQo7hXwlmi05EvfFwubOjo8nQJrVEHRe4Vbgpo8=s128
PREQUEL	https://play-lh.googleusercontent.com/36YDpLl60mfXJkYNx6wXIcqqcMlC5B2Shz3wi9tXO2IZ5UvN5EU8gOfWFI1Nxn8CvKTe=s128
PixelLab	https://play-lh.googleusercontent.com/TqRTx4hbmOEeHz2PrH0lcWNNt83S5S22Qm06Epw5Ja-_0rPYgNYNQkAQRLaBKr2l4ew=s128