Google Earth	https://play-lh.googleusercontent.com/9ORDOmn8l9dh-j4Sg3_S7CLcy0RRAI_wWt5jZtJOPztwnEkQ4y7mmGgoSYqbFR5jTc3m=s128
IRCTC Train Booking, PNR Status, Running Status	https://play-lh.googleusercontent.com/hqBIT_YHJYDbNtsiL79ai6CQtgblYjT7bAVrPO0idwyHOKdZUAD_hzTGqniM6l6rbRY=s128
NAVER Map, Navigation	https://play-lh.googleusercontent.com/Cewes10AmAykxX9X18sMsyC4aFalv8jsyXigdfydFcgDVDnyzKsgbEtkQ5LhcCftBB1f=s128
IRCTC Train Booking	https://play-lh.googleusercontent.com/QNd_0WuqGlrZCd44de5tdkA7NELPBH6tf5ZrLi61SIH1G7nVLkMoiPhXel5p-fjLtg=s128
redBus	https://play-lh.googleusercontent.com/5ZxVI65M9_yQQHgsY2f_lvSFD9E4Oqvfgxkg-E-MZwWt1M65-6HLY3twREAubQtZqqo=s128
KorailTalk	https://play-lh.googleusercontent.com/yxGaVmpwCZ9OKgK0MxgeqdQku9zgO5WRN8MjpuycD5BNdfcGSvu8iEB1gERiFBePP2A=s128
KakaoMap	https://play-lh.googleusercontent.com/DYeQ02AyIghsirp4ea3oEnyxT3X0GgTZrXYR8G7AN6tRr-9mFcQIJdCUub5VHiWKHA=s128
IRCTC Rail Connect	https://play-lh.googleusercontent.com/pOhc9TAENgN1MXuU42s6tiT7KCJ-PSl7zoSH9r_AfIx-rkfIOHNvJHanJPw-HBa09w=s128
Yandex.Navigator	https://play-lh.googleusercontent.com/8h2aKeRTfbWsf92m1DSdmUlnfyjd1OMUp6VF8pgk1amEvixVN0Fjm3YfMXvwc_e6r9A=s128
TripView	https://play-lh.googleusercontent.com/qdzKu2qWPzO2Ks3tZgv5FDvWc9KSGZnUMkbzfzzuSttEpuAx3rfd4aFdztuilwhbYJc=s128
Contour lines plugin — OsmAnd	https://play-lh.googleusercontent.com/VdVqmSP22at5m-RGcS43iI7BRPycb9B7fOoaF6fvAGp59a-2wMBTjz4CBlSf-A8tD0g=s128
PeakFinder	https://play-lh.googleusercontent.com/wsqU67HWA5vmQmlMxMJLPb2am89mPGmS1XNb3xTZIHW0C3jAbZBgVuSDWJ_y8h46yUg=s128
OsmAnd+ — Offline Maps, Travel & Navigation	https://play-lh.googleusercontent.com/mGZbVbNOkaRcvC7CoCZOJudn3SxZext-KoaY05tXB1rRVNL1UypjfLVIzg9PX9ayL8k=s128
Plane Finder	https://play-lh.googleusercontent.com/7fc3N3R4uKYrkyQE6H3w5JsC4W_EOnMm4fLCVCO0pg_WNJ6-V5N7V0YlRxzTY27MGQ4=s128
OruxMaps GP	https://play-lh.googleusercontent.com/p65k5bGWf9rb1JSA4_GMhoAFGVpVrBb4440GgYWiaDf4w_Xxzx5Q68zt_fzgr1Xd5Xn0=s128
MakeMyTrip Travel Booking	https://play-lh.googleusercontent.com/1llAcleLs0UDr5ysUl_C4aHM-vN70HGTy7gjlM78SLsPCOijj7oosBLQc26G2daqOg=s128
OYO	https://play-lh.googleusercontent.com/m79LQIEoq5UnKO5yMCtO2b2kxssydZfyBRrIysefGebJxOKV9gSYZPMkXxoUoOXTzxE=s128
2GIS	https://play-lh.googleusercontent.com/wFJyXf6wfcM05lQewukPVVFXCUO8tjAYPgWnn5sjbyazWhMn61MrKXiY33v0rZeYbA=s128
Gojek	https://play-lh.googleusercontent.com/aUGRfa6wBy6sRxgFS2640VZgSQIw0__TvSfIbVCXrQw5AAlkt1-8EGYb0k7gyUjN3OOS=s128
야놀자	https://play-lh.googleusercontent.com/OP-GR4R-KyKYQvLs1lRLYqzqHM5M52ShcuurbcfH7WknXOUB7TnEChaXJrrjYOqL6g=s128