pipeworks_brewing	https://en.wikipedia.org/wiki/Pipeworks_Brewing
alaskan_brewing_company	https://en.wikipedia.org/wiki/Alaskan_Brewing_Company
brown%e2%80%93forman	https://en.wikipedia.org/wiki/Brown%E2%80%93Forman
captain_morgan	https://en.wikipedia.org/wiki/Captain_Morgan
feral_brewing_company	https://en.wikipedia.org/wiki/Feral_Brewing_Company
nashville_brewing_company	https://en.wikipedia.org/wiki/Nashville_Brewing_Company
north_coast_brewing_company	https://en.wikipedia.org/wiki/North_Coast_Brewing_Company
firestone_walker_brewing_company	https://en.wikipedia.org/wiki/Firestone_Walker_Brewing_Company
fulton_beer	https://en.wikipedia.org/wiki/Fulton_Beer
two_brothers_brewing	https://en.wikipedia.org/wiki/Two_Brothers_Brewing
whyte_%26_mackay	https://en.wikipedia.org/wiki/Whyte_%26_Mackay
primo_brewing_%26_malting_company	https://en.wikipedia.org/wiki/Primo_Brewing_%26_Malting_Company
diamond_knot_brewing_company	https://en.wikipedia.org/wiki/Diamond_Knot_Brewing_Company
barton_brands	https://en.wikipedia.org/wiki/Barton_Brands
alltech	https://en.wikipedia.org/wiki/Alltech
10_cane	https://en.wikipedia.org/wiki/10_Cane
devils_backbone_brewing_company	https://en.wikipedia.org/wiki/Devils_Backbone_Brewing_Company
main_street_station_hotel_and_casino_and_brewery	https://en.wikipedia.org/wiki/Main_Street_Station_Hotel_and_Casino_and_Brewery
cricket_hill_brewery	https://en.wikipedia.org/wiki/Cricket_Hill_Brewery
mcdowell%27s_no.1	https://en.wikipedia.org/wiki/McDowell%27s_No.1
rum-bar_rum	https://en.wikipedia.org/wiki/Rum-bar_rum
twickenham_fine_ales	https://en.wikipedia.org/wiki/Twickenham_Fine_Ales
the_famous_grouse	https://en.wikipedia.org/wiki/The_Famous_Grouse
fat_head%27s_brewery	https://en.wikipedia.org/wiki/Fat_Head%27s_Brewery
dewar%27s	https://en.wikipedia.org/wiki/Dewar%27s
se%c3%b1or_r%c3%ado	https://en.wikipedia.org/wiki/Se%C3%B1or_R%C3%ADo
calfkiller_brewing_company	https://en.wikipedia.org/wiki/Calfkiller_Brewing_Company
officer%27s_choice	https://en.wikipedia.org/wiki/Officer%27s_Choice
gnarly_barley_brewing_company	https://en.wikipedia.org/wiki/Gnarly_Barley_Brewing_Company
villa_maria_estates	https://en.wikipedia.org/wiki/Villa_Maria_Estates
rock_bottom_restaurants	https://en.wikipedia.org/wiki/Rock_Bottom_Restaurants
half_pints_brewing_company	https://en.wikipedia.org/wiki/Half_Pints_Brewing_Company
sterling_vineyards	https://en.wikipedia.org/wiki/Sterling_Vineyards
great_lakes_brewing_company	https://en.wikipedia.org/wiki/Great_Lakes_Brewing_Company
yazoo_brewing_company	https://en.wikipedia.org/wiki/Yazoo_Brewing_Company
crown_royal	https://en.wikipedia.org/wiki/Crown_Royal
bent_paddle_brewing_company	https://en.wikipedia.org/wiki/Bent_Paddle_Brewing_Company
saint_arnold_brewing_company	https://en.wikipedia.org/wiki/Saint_Arnold_Brewing_Company
kyr%c3%b6_distillery_company	https://en.wikipedia.org/wiki/Kyr%C3%B6_Distillery_Company
bacardi	https://en.wikipedia.org/wiki/Bacardi
pernod_ricard	https://en.wikipedia.org/wiki/Pernod_Ricard
inner_circle_rum	https://en.wikipedia.org/wiki/Inner_Circle_Rum
grgich_hills_estate	https://en.wikipedia.org/wiki/Grgich_Hills_Estate
luxco	https://en.wikipedia.org/wiki/Luxco
timboon_railway_shed_distillery	https://en.wikipedia.org/wiki/Timboon_Railway_Shed_Distillery
johnnie_walker	https://en.wikipedia.org/wiki/Johnnie_Walker
mcauslan_brewing	https://en.wikipedia.org/wiki/McAuslan_Brewing
chew_valley_brewery	https://en.wikipedia.org/wiki/Chew_Valley_Brewery
amager_bryghus	https://en.wikipedia.org/wiki/Amager_Bryghus
1800_tequila	https://en.wikipedia.org/wiki/1800_Tequila
great_basin_brewing_company	https://en.wikipedia.org/wiki/Great_Basin_Brewing_Company
brugal	https://en.wikipedia.org/wiki/Brugal
manatawny_still_works	https://en.wikipedia.org/wiki/Manatawny_Still_Works
kotayk_brewery	https://en.wikipedia.org/wiki/Kotayk_Brewery
old_potrero	https://en.wikipedia.org/wiki/Old_Potrero
the_williamsburg_winery	https://en.wikipedia.org/wiki/The_Williamsburg_Winery
seagram	https://en.wikipedia.org/wiki/Seagram
founders_brewing_company	https://en.wikipedia.org/wiki/Founders_Brewing_Company
clan_macgregor	https://en.wikipedia.org/wiki/Clan_MacGregor
dingle_distillery	https://en.wikipedia.org/wiki/Dingle_Distillery
bluetongue_brewery	https://en.wikipedia.org/wiki/Bluetongue_Brewery
dictador	https://en.wikipedia.org/wiki/Dictador
jing-a_brewing_co.	https://en.wikipedia.org/wiki/Jing-A_Brewing_Co.
sea_dog_brewing_company	https://en.wikipedia.org/wiki/Sea_Dog_Brewing_Company
rahr_and_sons_brewing_company	https://en.wikipedia.org/wiki/Rahr_and_Sons_Brewing_Company
e_%26_j_gallo_winery	https://en.wikipedia.org/wiki/E_%26_J_Gallo_Winery
taiwan_tobacco_and_liquor_corporation	https://en.wikipedia.org/wiki/Taiwan_Tobacco_and_Liquor_Corporation
kraken_rum	https://en.wikipedia.org/wiki/Kraken_Rum
rebellion_beer_company	https://en.wikipedia.org/wiki/Rebellion_Beer_Company
chattanooga_whiskey_company	https://en.wikipedia.org/wiki/Chattanooga_Whiskey_Company
brown_brothers_milawa_vineyard	https://en.wikipedia.org/wiki/Brown_Brothers_Milawa_Vineyard
industrias_pampero	https://en.wikipedia.org/wiki/Industrias_Pampero
alesmith_brewing_company	https://en.wikipedia.org/wiki/AleSmith_Brewing_Company
allagash_brewing_company	https://en.wikipedia.org/wiki/Allagash_Brewing_Company
rj_rockers_brewing_company	https://en.wikipedia.org/wiki/RJ_Rockers_Brewing_Company
ridge_vineyards	https://en.wikipedia.org/wiki/Ridge_Vineyards
dos_lunas_tequila	https://en.wikipedia.org/wiki/Dos_Lunas_Tequila
sang_som	https://en.wikipedia.org/wiki/Sang_Som
wachusett_brewing_company	https://en.wikipedia.org/wiki/Wachusett_Brewing_Company
bell%27s_brewery	https://en.wikipedia.org/wiki/Bell%27s_Brewery
christian_moerlein_brewing_co.	https://en.wikipedia.org/wiki/Christian_Moerlein_Brewing_Co.
powers_(whiskey)	https://en.wikipedia.org/wiki/Powers_(whiskey)
flor_de_ca%c3%b1a	https://en.wikipedia.org/wiki/Flor_de_Ca%C3%B1a
hilliard%27s_beer	https://en.wikipedia.org/wiki/Hilliard%27s_Beer
ellis_island_casino_%26_brewery	https://en.wikipedia.org/wiki/Ellis_Island_Casino_%26_Brewery
granville_island_brewing	https://en.wikipedia.org/wiki/Granville_Island_Brewing
passport_scotch	https://en.wikipedia.org/wiki/Passport_Scotch
bundaberg_rum	https://en.wikipedia.org/wiki/Bundaberg_Rum
el_tesoro_tequila	https://en.wikipedia.org/wiki/El_Tesoro_tequila
little_creatures_brewery	https://en.wikipedia.org/wiki/Little_Creatures_Brewery
tring_brewery	https://en.wikipedia.org/wiki/Tring_Brewery
mount_gay_rum	https://en.wikipedia.org/wiki/Mount_Gay_Rum
brick_brewing_company	https://en.wikipedia.org/wiki/Brick_Brewing_Company
muskoka_cottage_brewery	https://en.wikipedia.org/wiki/Muskoka_Cottage_Brewery
revolution_brewing_(colorado)	https://en.wikipedia.org/wiki/Revolution_Brewing_(Colorado)
damoiseau_(rum)	https://en.wikipedia.org/wiki/Damoiseau_(rum)
ska_brewing	https://en.wikipedia.org/wiki/SKA_Brewing
dragonmead	https://en.wikipedia.org/wiki/Dragonmead
abbey_brewing_company	https://en.wikipedia.org/wiki/Abbey_Brewing_Company
capital_brewery	https://en.wikipedia.org/wiki/Capital_Brewery
small_town_brewery	https://en.wikipedia.org/wiki/Small_Town_Brewery
antiquity_(whisky)	https://en.wikipedia.org/wiki/Antiquity_(whisky)
bayern_brewing	https://en.wikipedia.org/wiki/Bayern_Brewing
dele%c3%b3n_tequila	https://en.wikipedia.org/wiki/DeLe%C3%B3n_Tequila
pott_(rum)	https://en.wikipedia.org/wiki/Pott_(rum)
mcmenamins	https://en.wikipedia.org/wiki/McMenamins
selvarey_rum	https://en.wikipedia.org/wiki/Selvarey_Rum
bulleit_bourbon	https://en.wikipedia.org/wiki/Bulleit_Bourbon
montana_wines	https://en.wikipedia.org/wiki/Montana_Wines
kotayk_province	https://en.wikipedia.org/wiki/Kotayk_Province
white_horse_(whisky)	https://en.wikipedia.org/wiki/White_Horse_(whisky)
cooley_(whiskey)	https://en.wikipedia.org/wiki/Cooley_(whiskey)
old_bushmills_distillery	https://en.wikipedia.org/wiki/Old_Bushmills_Distillery
lone_tree_brewery	https://en.wikipedia.org/wiki/Lone_Tree_Brewery
midnight_sun_brewing_company	https://en.wikipedia.org/wiki/Midnight_Sun_Brewing_Company
beau%27s_all_natural_brewing_company	https://en.wikipedia.org/wiki/Beau%27s_All_Natural_Brewing_Company
green_spot_(whiskey)	https://en.wikipedia.org/wiki/Green_Spot_(whiskey)
wild_turkey_(bourbon)	https://en.wikipedia.org/wiki/Wild_Turkey_(bourbon)
blue_hills_brewery	https://en.wikipedia.org/wiki/Blue_Hills_Brewery
newburyport_brewing_company	https://en.wikipedia.org/wiki/Newburyport_Brewing_Company
real_ale_brewing_company	https://en.wikipedia.org/wiki/Real_Ale_Brewing_Company
loch_lomond_single_malt	https://en.wikipedia.org/wiki/Loch_Lomond_Single_Malt
lost_coast_brewery	https://en.wikipedia.org/wiki/Lost_Coast_Brewery
burleigh_brewing_company	https://en.wikipedia.org/wiki/Burleigh_Brewing_Company
tuckerman_brewing_company	https://en.wikipedia.org/wiki/Tuckerman_Brewing_Company
tanduay	https://en.wikipedia.org/wiki/Tanduay
great_western_brewing_company	https://en.wikipedia.org/wiki/Great_Western_Brewing_Company
upslope_brewing_company	https://en.wikipedia.org/wiki/Upslope_Brewing_Company
jameson_irish_whiskey	https://en.wikipedia.org/wiki/Jameson_Irish_Whiskey
bear_republic_brewing_company	https://en.wikipedia.org/wiki/Bear_Republic_Brewing_Company
erie_brewing_company	https://en.wikipedia.org/wiki/Erie_Brewing_Company
argus_brewery	https://en.wikipedia.org/wiki/Argus_Brewery
proximo_spirits	https://en.wikipedia.org/wiki/Proximo_Spirits
parce_(rum)	https://en.wikipedia.org/wiki/Parce_(rum)
smuttynose_brewing_company	https://en.wikipedia.org/wiki/Smuttynose_Brewing_Company
red_oak_brewery	https://en.wikipedia.org/wiki/Red_Oak_Brewery
santera_tequila	https://en.wikipedia.org/wiki/Santera_Tequila
lacons_brewery	https://en.wikipedia.org/wiki/Lacons_Brewery
kentucky_bourbon_distillers	https://en.wikipedia.org/wiki/Kentucky_Bourbon_Distillers
agassiz_brewing	https://en.wikipedia.org/wiki/Agassiz_Brewing
gage_roads_brewing_company	https://en.wikipedia.org/wiki/Gage_Roads_Brewing_Company
new_glarus_brewing_company	https://en.wikipedia.org/wiki/New_Glarus_Brewing_Company
empyrean_brewing_company	https://en.wikipedia.org/wiki/Empyrean_Brewing_Company
kendall-jackson	https://en.wikipedia.org/wiki/Kendall-Jackson
metropolitan_brewing	https://en.wikipedia.org/wiki/Metropolitan_Brewing
fremont_brewing	https://en.wikipedia.org/wiki/Fremont_Brewing
foster%27s_group	https://en.wikipedia.org/wiki/Foster%27s_Group
revolution_brewing	https://en.wikipedia.org/wiki/Revolution_Brewing
carakale_brewing_company	https://en.wikipedia.org/wiki/Carakale_Brewing_Company
london_fields_brewery	https://en.wikipedia.org/wiki/London_Fields_Brewery
tree_house_brewing_company	https://en.wikipedia.org/wiki/Tree_House_Brewing_Company
stroh	https://en.wikipedia.org/wiki/Stroh
kirin_brewery_company	https://en.wikipedia.org/wiki/Kirin_Brewery_Company
strewn_winery	https://en.wikipedia.org/wiki/Strewn_Winery
dixie_brewing_company	https://en.wikipedia.org/wiki/Dixie_Brewing_Company
surly_brewing_company	https://en.wikipedia.org/wiki/Surly_Brewing_Company
canadian_club	https://en.wikipedia.org/wiki/Canadian_Club
off_color_brewing	https://en.wikipedia.org/wiki/Off_Color_Brewing
lexington_brewing_and_distilling_company	https://en.wikipedia.org/wiki/Lexington_Brewing_and_Distilling_Company
mendocino_brewing_company	https://en.wikipedia.org/wiki/Mendocino_Brewing_Company
5_rabbit_cervecer%c3%ada	https://en.wikipedia.org/wiki/5_Rabbit_Cervecer%C3%ADa
stolichnaya	https://en.wikipedia.org/wiki/Stolichnaya
sixpoint_brewery	https://en.wikipedia.org/wiki/Sixpoint_Brewery
brewdog	https://en.wikipedia.org/wiki/BrewDog
ferreyros	https://en.wikipedia.org/wiki/Ferreyros
dogfish_head_brewery	https://en.wikipedia.org/wiki/Dogfish_Head_Brewery
rock_art_brewery	https://en.wikipedia.org/wiki/Rock_Art_Brewery
campari_group	https://en.wikipedia.org/wiki/Campari_Group
creemore_springs	https://en.wikipedia.org/wiki/Creemore_Springs
redbreast_(whiskey)	https://en.wikipedia.org/wiki/Redbreast_(whiskey)
buchanan%27s	https://en.wikipedia.org/wiki/Buchanan%27s
don_papa_rum	https://en.wikipedia.org/wiki/Don_Papa_Rum
drake%27s_brewing_company	https://en.wikipedia.org/wiki/Drake%27s_Brewing_Company
colonial_brewing_company	https://en.wikipedia.org/wiki/Colonial_Brewing_Company
pyramid_breweries	https://en.wikipedia.org/wiki/Pyramid_Breweries
penpont_brewery	https://en.wikipedia.org/wiki/Penpont_Brewery
fish_brewing_company	https://en.wikipedia.org/wiki/Fish_Brewing_Company
golan_brewery	https://en.wikipedia.org/wiki/Golan_Brewery
jackie_o%27s_pub_%26_brewery	https://en.wikipedia.org/wiki/Jackie_O%27s_Pub_%26_Brewery
gruppo_campari	https://en.wikipedia.org/wiki/Gruppo_Campari
paddock_wood_brewing_company	https://en.wikipedia.org/wiki/Paddock_Wood_Brewing_Company
jim_beam	https://en.wikipedia.org/wiki/Jim_Beam
matusalem_%26_co.	https://en.wikipedia.org/wiki/Matusalem_%26_co.
three_floyds_brewing	https://en.wikipedia.org/wiki/Three_Floyds_Brewing
half_acre_beer_company	https://en.wikipedia.org/wiki/Half_Acre_Beer_Company
bj%27s_restaurant_%26_brewery	https://en.wikipedia.org/wiki/BJ%27s_Restaurant_%26_Brewery
gizmo_brew_works	https://en.wikipedia.org/wiki/Gizmo_Brew_Works
saint_louis_brewery	https://en.wikipedia.org/wiki/Saint_Louis_Brewery
matilda_bay_brewing_company	https://en.wikipedia.org/wiki/Matilda_Bay_Brewing_Company
russell%27s_reserve	https://en.wikipedia.org/wiki/Russell%27s_Reserve
beenleigh_rum	https://en.wikipedia.org/wiki/Beenleigh_Rum
gritty_mcduff%27s_brewing_company	https://en.wikipedia.org/wiki/Gritty_McDuff%27s_Brewing_Company
brooklyn_brewery	https://en.wikipedia.org/wiki/Brooklyn_Brewery
rhum_barbancourt	https://en.wikipedia.org/wiki/Rhum_Barbancourt
hair_of_the_dog_brewing_company	https://en.wikipedia.org/wiki/Hair_of_the_Dog_Brewing_Company
anderson_valley_brewing_company	https://en.wikipedia.org/wiki/Anderson_Valley_Brewing_Company
speakeasy_ales_and_lagers	https://en.wikipedia.org/wiki/Speakeasy_Ales_and_Lagers
bagpiper_whisky	https://en.wikipedia.org/wiki/Bagpiper_Whisky
amrut_distilleries	https://en.wikipedia.org/wiki/Amrut_Distilleries
tres_generaciones	https://en.wikipedia.org/wiki/Tres_Generaciones
black_dog_(whisky)	https://en.wikipedia.org/wiki/Black_Dog_(whisky)
whitewater_brewery	https://en.wikipedia.org/wiki/Whitewater_Brewery
long_trail_brewing_company	https://en.wikipedia.org/wiki/Long_Trail_Brewing_Company
dzama	https://en.wikipedia.org/wiki/Dzama
sazerac_company	https://en.wikipedia.org/wiki/Sazerac_Company
paddy_whiskey	https://en.wikipedia.org/wiki/Paddy_Whiskey
celis_white	https://en.wikipedia.org/wiki/Celis_White
rhum_vieux_labb%c3%a9	https://en.wikipedia.org/wiki/Rhum_Vieux_Labb%C3%A9
sauza_tequila	https://en.wikipedia.org/wiki/Sauza_Tequila
blackrocks_brewery	https://en.wikipedia.org/wiki/Blackrocks_Brewery
longrow	https://en.wikipedia.org/wiki/Longrow
steelback_brewery	https://en.wikipedia.org/wiki/Steelback_Brewery
lagunitas_brewing_company	https://en.wikipedia.org/wiki/Lagunitas_Brewing_Company
malibu_rum	https://en.wikipedia.org/wiki/Malibu_Rum
new_orleans_lager_and_ale_brewing_company	https://en.wikipedia.org/wiki/New_Orleans_Lager_and_Ale_Brewing_Company
arcadia_brewing_company	https://en.wikipedia.org/wiki/Arcadia_Brewing_Company
william_grant_%26_sons	https://en.wikipedia.org/wiki/William_Grant_%26_Sons
new_belgium_brewing_company	https://en.wikipedia.org/wiki/New_Belgium_Brewing_Company
shmaltz_brewing_company	https://en.wikipedia.org/wiki/Shmaltz_Brewing_Company
upper_canada_brewing_company	https://en.wikipedia.org/wiki/Upper_Canada_Brewing_Company
yards_brewing_company	https://en.wikipedia.org/wiki/Yards_Brewing_Company
fort_garry_brewing_company	https://en.wikipedia.org/wiki/Fort_Garry_Brewing_Company
yealands_estate	https://en.wikipedia.org/wiki/Yealands_Estate
rohrbach_brewing_company	https://en.wikipedia.org/wiki/Rohrbach_Brewing_Company
nikka_whisky_distilling	https://en.wikipedia.org/wiki/Nikka_Whisky_Distilling
indeed_brewing_company	https://en.wikipedia.org/wiki/Indeed_Brewing_Company
nail_brewing	https://en.wikipedia.org/wiki/Nail_Brewing
maestro_dobel_tequila	https://en.wikipedia.org/wiki/Maestro_Dobel_Tequila
jarrow_brewing_company	https://en.wikipedia.org/wiki/Jarrow_Brewing_Company
beam_suntory	https://en.wikipedia.org/wiki/Beam_Suntory
kingdom_breweries	https://en.wikipedia.org/wiki/Kingdom_Breweries
victory_brewing_company	https://en.wikipedia.org/wiki/Victory_Brewing_Company
imperial_blue_(whisky)	https://en.wikipedia.org/wiki/Imperial_Blue_(whisky)
harpoon_brewery	https://en.wikipedia.org/wiki/Harpoon_Brewery
rogue_ales	https://en.wikipedia.org/wiki/Rogue_Ales
takara_holdings	https://en.wikipedia.org/wiki/Takara_Holdings
jose_cuervo	https://en.wikipedia.org/wiki/Jose_Cuervo
tullamore_d.e.w.	https://en.wikipedia.org/wiki/Tullamore_D.E.W.
bootleg_brewery	https://en.wikipedia.org/wiki/Bootleg_Brewery
tres_agaves	https://en.wikipedia.org/wiki/Tres_Agaves
gordon_biersch_brewing_company	https://en.wikipedia.org/wiki/Gordon_Biersch_Brewing_Company
kuhnhenn_brewing_company	https://en.wikipedia.org/wiki/Kuhnhenn_Brewing_Company
wild_rose_brewery	https://en.wikipedia.org/wiki/Wild_Rose_Brewery