cambridge_silicon_radio	https://en.wikipedia.org/wiki/Cambridge_Silicon_Radio
changxin_memory_technologies	https://en.wikipedia.org/wiki/Changxin_Memory_Technologies
adaptec	https://en.wikipedia.org/wiki/Adaptec
ascent_solar	https://en.wikipedia.org/wiki/Ascent_Solar
mazda	https://en.wikipedia.org/wiki/Mazda
amiga,_inc.	https://en.wikipedia.org/wiki/Amiga,_Inc.
compaq	https://en.wikipedia.org/wiki/Compaq
ramtron_international	https://en.wikipedia.org/wiki/Ramtron_International
pure_digital	https://en.wikipedia.org/wiki/Pure_Digital
bang_%26_olufsen	https://en.wikipedia.org/wiki/Bang_%26_Olufsen
high_tech_computer_corporation	https://en.wikipedia.org/wiki/High_Tech_Computer_Corporation
godrej_group	https://en.wikipedia.org/wiki/Godrej_Group
optiarc	https://en.wikipedia.org/wiki/Optiarc
mstar_semiconductor	https://en.wikipedia.org/wiki/MStar_Semiconductor
amkor_technology	https://en.wikipedia.org/wiki/Amkor_Technology
rockchip	https://en.wikipedia.org/wiki/Rockchip
aopen	https://en.wikipedia.org/wiki/AOpen
cowon	https://en.wikipedia.org/wiki/Cowon
newegg	https://en.wikipedia.org/wiki/Newegg
axioo_international	https://en.wikipedia.org/wiki/AXIOO_International
qlogic	https://en.wikipedia.org/wiki/Qlogic
beats_electronics	https://en.wikipedia.org/wiki/Beats_Electronics
denon	https://en.wikipedia.org/wiki/Denon
belkin	https://en.wikipedia.org/wiki/Belkin
renewable_energy_corporation	https://en.wikipedia.org/wiki/Renewable_Energy_Corporation
ceva,_inc.	https://en.wikipedia.org/wiki/CEVA,_Inc.
lg	https://en.wikipedia.org/wiki/LG
movim	https://en.wikipedia.org/wiki/Movim
turtle_beach_systems	https://en.wikipedia.org/wiki/Turtle_Beach_Systems
voxx_international	https://en.wikipedia.org/wiki/Voxx_International
qualcomm_snapdragon	https://en.wikipedia.org/wiki/Qualcomm_Snapdragon
teac_corporation	https://en.wikipedia.org/wiki/TEAC_Corporation
xcore_xs1	https://en.wikipedia.org/wiki/XCore_XS1
puget_systems	https://en.wikipedia.org/wiki/Puget_Systems
redpine_signals	https://en.wikipedia.org/wiki/Redpine_Signals
hightech_information_system	https://en.wikipedia.org/wiki/HighTech_Information_System
isofoton	https://en.wikipedia.org/wiki/Isofoton
revel_audio	https://en.wikipedia.org/wiki/Revel_Audio
thorn_electrical_industries	https://en.wikipedia.org/wiki/Thorn_Electrical_Industries
rmi_corporation	https://en.wikipedia.org/wiki/RMI_Corporation
bharti_enterprises	https://en.wikipedia.org/wiki/Bharti_Enterprises
matrox	https://en.wikipedia.org/wiki/Matrox
global_solar	https://en.wikipedia.org/wiki/Global_Solar
avm_gmbh	https://en.wikipedia.org/wiki/AVM_GmbH
burroughs_corporation	https://en.wikipedia.org/wiki/Burroughs_Corporation
qmobile	https://en.wikipedia.org/wiki/QMobile
sigmatel	https://en.wikipedia.org/wiki/SigmaTel
flextronics	https://en.wikipedia.org/wiki/Flextronics
brightsource_energy	https://en.wikipedia.org/wiki/BrightSource_Energy
sterlite_technologies	https://en.wikipedia.org/wiki/Sterlite_Technologies
hanwha	https://en.wikipedia.org/wiki/Hanwha
konica_minolta	https://en.wikipedia.org/wiki/Konica_Minolta
vix_technology	https://en.wikipedia.org/wiki/Vix_Technology
apple_inc.	https://en.wikipedia.org/wiki/Apple_Inc.
citefa	https://en.wikipedia.org/wiki/CITEFA
silverstone_technology	https://en.wikipedia.org/wiki/SilverStone_Technology
commodore_international	https://en.wikipedia.org/wiki/Commodore_International
diamond_multimedia	https://en.wikipedia.org/wiki/Diamond_Multimedia
go_card	https://en.wikipedia.org/wiki/Go_card
igel_technology	https://en.wikipedia.org/wiki/IGEL_Technology
ati_technologies	https://en.wikipedia.org/wiki/ATI_Technologies
founder_technology	https://en.wikipedia.org/wiki/Founder_Technology
alienware	https://en.wikipedia.org/wiki/Alienware
nikon	https://en.wikipedia.org/wiki/Nikon
tiny_computers	https://en.wikipedia.org/wiki/Tiny_Computers
corsair_gaming	https://en.wikipedia.org/wiki/Corsair_Gaming
dell	https://en.wikipedia.org/wiki/Dell
skyline_solar	https://en.wikipedia.org/wiki/Skyline_Solar
focal-jmlab	https://en.wikipedia.org/wiki/Focal-JMLab
gumstix	https://en.wikipedia.org/wiki/Gumstix
valve_corporation	https://en.wikipedia.org/wiki/Valve_Corporation
hewlett_packard_enterprise	https://en.wikipedia.org/wiki/Hewlett_Packard_Enterprise
tandberg	https://en.wikipedia.org/wiki/Tandberg
porsche	https://en.wikipedia.org/wiki/Porsche
bush_(brand)	https://en.wikipedia.org/wiki/Bush_(brand)
nixdorf_computer	https://en.wikipedia.org/wiki/Nixdorf_Computer
binatone	https://en.wikipedia.org/wiki/Binatone
jensen_electronics	https://en.wikipedia.org/wiki/Jensen_Electronics
severin_elektro	https://en.wikipedia.org/wiki/Severin_Elektro
solarworld	https://en.wikipedia.org/wiki/SolarWorld
st-ericsson	https://en.wikipedia.org/wiki/ST-Ericsson
zspace_(company)	https://en.wikipedia.org/wiki/ZSpace_(company)
stickam	https://en.wikipedia.org/wiki/Stickam
hp_inc.	https://en.wikipedia.org/wiki/HP_Inc.
processor_technology	https://en.wikipedia.org/wiki/Processor_Technology
meebox	https://en.wikipedia.org/wiki/Meebox
electronics_corporation_of_india	https://en.wikipedia.org/wiki/Electronics_Corporation_of_India
acer_inc	https://en.wikipedia.org/wiki/Acer_Inc
emerson_electric	https://en.wikipedia.org/wiki/Emerson_Electric
tenksolar	https://en.wikipedia.org/wiki/Tenksolar
cicar%c3%a9	https://en.wikipedia.org/wiki/Cicar%C3%A9
walton_(company)	https://en.wikipedia.org/wiki/Walton_(company)
teufel_(manufacturer)	https://en.wikipedia.org/wiki/Teufel_(manufacturer)
cea_technologies	https://en.wikipedia.org/wiki/CEA_Technologies
vzroom	https://en.wikipedia.org/wiki/VzRoom
iiyama_(company)	https://en.wikipedia.org/wiki/Iiyama_(company)
maplin_electronics	https://en.wikipedia.org/wiki/Maplin_Electronics
universal_abit	https://en.wikipedia.org/wiki/Universal_Abit
lexicon_(company)	https://en.wikipedia.org/wiki/Lexicon_(company)
key_tronic	https://en.wikipedia.org/wiki/Key_Tronic
wondermedia	https://en.wikipedia.org/wiki/WonderMedia
bmw	https://en.wikipedia.org/wiki/BMW
dataram	https://en.wikipedia.org/wiki/Dataram
psystar	https://en.wikipedia.org/wiki/Psystar
elonex	https://en.wikipedia.org/wiki/Elonex
freescale	https://en.wikipedia.org/wiki/Freescale
mercedes-benz	https://en.wikipedia.org/wiki/Mercedes-Benz
abs_computer_technologies	https://en.wikipedia.org/wiki/ABS_Computer_Technologies
oppo_electronics	https://en.wikipedia.org/wiki/Oppo_Electronics
atari_corporation	https://en.wikipedia.org/wiki/Atari_Corporation
ag_neovo	https://en.wikipedia.org/wiki/AG_Neovo
silicon_graphics_international	https://en.wikipedia.org/wiki/Silicon_Graphics_International
voltas	https://en.wikipedia.org/wiki/Voltas
siemens_nixdorf_informationssysteme	https://en.wikipedia.org/wiki/Siemens_Nixdorf_Informationssysteme
focusrite	https://en.wikipedia.org/wiki/Focusrite
viglen	https://en.wikipedia.org/wiki/Viglen
ase_group	https://en.wikipedia.org/wiki/ASE_Group
stmicroelectronics	https://en.wikipedia.org/wiki/STMicroelectronics
ldk_solar	https://en.wikipedia.org/wiki/LDK_Solar
pakistan_aeronautical_complex	https://en.wikipedia.org/wiki/Pakistan_Aeronautical_Complex
vivo_electronics	https://en.wikipedia.org/wiki/Vivo_Electronics
fukuda_inc.	https://en.wikipedia.org/wiki/Fukuda_Inc.
electrolux	https://en.wikipedia.org/wiki/Electrolux
cypress_semiconductor	https://en.wikipedia.org/wiki/Cypress_Semiconductor
suniva	https://en.wikipedia.org/wiki/Suniva
sungen_international_limited	https://en.wikipedia.org/wiki/SUNGEN_International_Limited
amkette	https://en.wikipedia.org/wiki/Amkette
oki_electric_industry	https://en.wikipedia.org/wiki/Oki_Electric_Industry
pc_club	https://en.wikipedia.org/wiki/PC_Club
akg_acoustics	https://en.wikipedia.org/wiki/AKG_Acoustics
ingenic_semiconductor	https://en.wikipedia.org/wiki/Ingenic_Semiconductor
abus	https://en.wikipedia.org/wiki/ABUS
benq	https://en.wikipedia.org/wiki/BenQ
maxim_integrated_products	https://en.wikipedia.org/wiki/Maxim_Integrated_Products
sinar	https://en.wikipedia.org/wiki/Sinar
eyetv	https://en.wikipedia.org/wiki/EyeTV
xmpp	https://en.wikipedia.org/wiki/XMPP
viewsonic	https://en.wikipedia.org/wiki/Viewsonic
solar_frontier	https://en.wikipedia.org/wiki/Solar_Frontier
tp-link	https://en.wikipedia.org/wiki/TP-Link
kone	https://en.wikipedia.org/wiki/Kone
gnu_gatekeeper	https://en.wikipedia.org/wiki/GNU_Gatekeeper
ultrasone	https://en.wikipedia.org/wiki/Ultrasone
emi	https://en.wikipedia.org/wiki/EMI
sennheiser	https://en.wikipedia.org/wiki/Sennheiser
axis_communications	https://en.wikipedia.org/wiki/Axis_Communications
ptc_(software_company)	https://en.wikipedia.org/wiki/PTC_(software_company)
next	https://en.wikipedia.org/wiki/NeXT
skyworks_solutions	https://en.wikipedia.org/wiki/Skyworks_Solutions
westinghouse_electric_(1886)	https://en.wikipedia.org/wiki/Westinghouse_Electric_(1886)
leo_(computer)	https://en.wikipedia.org/wiki/LEO_(computer)
medion	https://en.wikipedia.org/wiki/Medion
fujitsu	https://en.wikipedia.org/wiki/Fujitsu
steelseries	https://en.wikipedia.org/wiki/SteelSeries
martinlogan	https://en.wikipedia.org/wiki/MartinLogan
atheros	https://en.wikipedia.org/wiki/Atheros
ekta	https://en.wikipedia.org/wiki/EKTA
amdahl_corporation	https://en.wikipedia.org/wiki/Amdahl_Corporation
weg_industries	https://en.wikipedia.org/wiki/WEG_Industries
at%26t	https://en.wikipedia.org/wiki/AT%26T
cyberpowerpc	https://en.wikipedia.org/wiki/CyberPowerPC
epson	https://en.wikipedia.org/wiki/Epson
technics_(brand)	https://en.wikipedia.org/wiki/Technics_(brand)
brother_industries	https://en.wikipedia.org/wiki/Brother_Industries
olivetti	https://en.wikipedia.org/wiki/Olivetti
avaya	https://en.wikipedia.org/wiki/Avaya
lear_corporation	https://en.wikipedia.org/wiki/Lear_Corporation
nec	https://en.wikipedia.org/wiki/NEC
infinity_(audio)	https://en.wikipedia.org/wiki/Infinity_(audio)
sk_hynix	https://en.wikipedia.org/wiki/SK_Hynix
instruction_set	https://en.wikipedia.org/wiki/Instruction_set
wire_(software)	https://en.wikipedia.org/wiki/Wire_(software)
powerfilm,_inc.	https://en.wikipedia.org/wiki/PowerFilm,_Inc.
c-media	https://en.wikipedia.org/wiki/C-Media
umax	https://en.wikipedia.org/wiki/Umax
chrysler	https://en.wikipedia.org/wiki/Chrysler
volkswagen	https://en.wikipedia.org/wiki/Volkswagen
thyssenkrupp	https://en.wikipedia.org/wiki/Thyssenkrupp
palit	https://en.wikipedia.org/wiki/Palit
satmex	https://en.wikipedia.org/wiki/Satmex
alchip	https://en.wikipedia.org/wiki/Alchip
behringer	https://en.wikipedia.org/wiki/Behringer
loopup	https://en.wikipedia.org/wiki/LoopUp
ceridian	https://en.wikipedia.org/wiki/Ceridian
sunedison	https://en.wikipedia.org/wiki/SunEdison
almaz-antey	https://en.wikipedia.org/wiki/Almaz-Antey
fujitsu_siemens_computers	https://en.wikipedia.org/wiki/Fujitsu_Siemens_Computers
ningbo_bird	https://en.wikipedia.org/wiki/Ningbo_Bird
apollo_computer	https://en.wikipedia.org/wiki/Apollo_Computer
labtec	https://en.wikipedia.org/wiki/Labtec
sega_corporation	https://en.wikipedia.org/wiki/Sega_Corporation
agere_systems	https://en.wikipedia.org/wiki/Agere_Systems
mcst	https://en.wikipedia.org/wiki/MCST
jaguar_cars	https://en.wikipedia.org/wiki/Jaguar_Cars
schott_glass	https://en.wikipedia.org/wiki/Schott_Glass
solar_euromed	https://en.wikipedia.org/wiki/Solar_Euromed
amax_information_technologies	https://en.wikipedia.org/wiki/AMAX_Information_Technologies
onida_electronics	https://en.wikipedia.org/wiki/Onida_Electronics
cisco	https://en.wikipedia.org/wiki/Cisco
nanya_technology	https://en.wikipedia.org/wiki/Nanya_Technology
jvc	https://en.wikipedia.org/wiki/JVC
shure	https://en.wikipedia.org/wiki/Shure
snowa	https://en.wikipedia.org/wiki/Snowa
webex	https://en.wikipedia.org/wiki/WebEx
motorola	https://en.wikipedia.org/wiki/Motorola
ar%c3%a7elik	https://en.wikipedia.org/wiki/Ar%C3%A7elik
maadiran_group	https://en.wikipedia.org/wiki/Maadiran_Group
sequent_computer_systems	https://en.wikipedia.org/wiki/Sequent_Computer_Systems
g-technology	https://en.wikipedia.org/wiki/G-Technology
hauppauge_computer_works	https://en.wikipedia.org/wiki/Hauppauge_Computer_Works
avadirect	https://en.wikipedia.org/wiki/AVADirect
torresol_energy	https://en.wikipedia.org/wiki/Torresol_Energy
epox	https://en.wikipedia.org/wiki/EPoX
falcon_northwest	https://en.wikipedia.org/wiki/Falcon_Northwest
bridgewater_systems	https://en.wikipedia.org/wiki/Bridgewater_systems
advanced_micro_devices	https://en.wikipedia.org/wiki/Advanced_Micro_Devices
vanguard_international_semiconductor_corporation	https://en.wikipedia.org/wiki/Vanguard_International_Semiconductor_Corporation
first_solar	https://en.wikipedia.org/wiki/First_Solar
elsa_technology	https://en.wikipedia.org/wiki/ELSA_Technology
aoc_international	https://en.wikipedia.org/wiki/AOC_International
yang_cheng_tong	https://en.wikipedia.org/wiki/Yang_Cheng_Tong
micro_center	https://en.wikipedia.org/wiki/Micro_Center
wyse	https://en.wikipedia.org/wiki/Wyse
huawei	https://en.wikipedia.org/wiki/Huawei
behavior_tech_computer	https://en.wikipedia.org/wiki/Behavior_Tech_Computer
sanyo	https://en.wikipedia.org/wiki/Sanyo
siragon	https://en.wikipedia.org/wiki/Siragon
sonodyne	https://en.wikipedia.org/wiki/Sonodyne
mtx_audio	https://en.wikipedia.org/wiki/MTX_Audio
pye_ltd.	https://en.wikipedia.org/wiki/Pye_Ltd.
infineon	https://en.wikipedia.org/wiki/Infineon
alphabet_inc.	https://en.wikipedia.org/wiki/Alphabet_Inc.
starleaf	https://en.wikipedia.org/wiki/StarLeaf
hasselblad	https://en.wikipedia.org/wiki/Hasselblad
pace_plc	https://en.wikipedia.org/wiki/Pace_plc
virage_logic	https://en.wikipedia.org/wiki/Virage_Logic
jbl	https://en.wikipedia.org/wiki/JBL
mark_of_the_unicorn	https://en.wikipedia.org/wiki/Mark_of_the_Unicorn
aver_information	https://en.wikipedia.org/wiki/AVer_Information
gateway_computers	https://en.wikipedia.org/wiki/Gateway_Computers
maxdata	https://en.wikipedia.org/wiki/Maxdata
crucial_technology	https://en.wikipedia.org/wiki/Crucial_Technology
wang_laboratories	https://en.wikipedia.org/wiki/Wang_Laboratories
dover_corporation	https://en.wikipedia.org/wiki/Dover_Corporation
zte	https://en.wikipedia.org/wiki/ZTE
suntech	https://en.wikipedia.org/wiki/Suntech
marvell_technology_group	https://en.wikipedia.org/wiki/Marvell_Technology_Group
ibc_solar	https://en.wikipedia.org/wiki/IBC_SOLAR
arctic_(company)	https://en.wikipedia.org/wiki/Arctic_(company)
fuji_electric	https://en.wikipedia.org/wiki/Fuji_Electric
elitegroup_computer_systems	https://en.wikipedia.org/wiki/Elitegroup_Computer_Systems
silicon_graphics	https://en.wikipedia.org/wiki/Silicon_Graphics
hisilicon	https://en.wikipedia.org/wiki/HiSilicon
jeep	https://en.wikipedia.org/wiki/Jeep
targray	https://en.wikipedia.org/wiki/Targray
ez-link	https://en.wikipedia.org/wiki/EZ-Link
jami_(software)	https://en.wikipedia.org/wiki/Jami_(software)
fitbit	https://en.wikipedia.org/wiki/Fitbit
minolta	https://en.wikipedia.org/wiki/Minolta
arecont_vision	https://en.wikipedia.org/wiki/Arecont_Vision
lincoln_motor_company	https://en.wikipedia.org/wiki/Lincoln_Motor_Company
v-moda	https://en.wikipedia.org/wiki/V-Moda
unisys	https://en.wikipedia.org/wiki/Unisys
acciona	https://en.wikipedia.org/wiki/Acciona
amoi	https://en.wikipedia.org/wiki/Amoi
origin_pc	https://en.wikipedia.org/wiki/Origin_PC
bangladesh_machine_tools_factory	https://en.wikipedia.org/wiki/Bangladesh_Machine_Tools_Factory
noctua_(company)	https://en.wikipedia.org/wiki/Noctua_(company)
american_telemedicine_association	https://en.wikipedia.org/wiki/American_Telemedicine_Association
velocity_micro	https://en.wikipedia.org/wiki/Velocity_Micro
audi	https://en.wikipedia.org/wiki/Audi
eizo	https://en.wikipedia.org/wiki/Eizo
schindler_group	https://en.wikipedia.org/wiki/Schindler_Group
facebook_portal	https://en.wikipedia.org/wiki/Facebook_Portal
aigo	https://en.wikipedia.org/wiki/Aigo
iball_(company)	https://en.wikipedia.org/wiki/IBall_(company)
fabrica_de_aviones_cordoba	https://en.wikipedia.org/wiki/Fabrica_de_Aviones_Cordoba
camfrog	https://en.wikipedia.org/wiki/Camfrog
boston_acoustics	https://en.wikipedia.org/wiki/Boston_Acoustics
gelid_solutions	https://en.wikipedia.org/wiki/GELID_Solutions
quanta_computer	https://en.wikipedia.org/wiki/Quanta_Computer
mpc_corporation	https://en.wikipedia.org/wiki/MPC_Corporation
byd_electronic	https://en.wikipedia.org/wiki/BYD_Electronic
ontario_telemedicine_network	https://en.wikipedia.org/wiki/Ontario_Telemedicine_Network
vidyo	https://en.wikipedia.org/wiki/Vidyo
arm_architecture	https://en.wikipedia.org/wiki/ARM_architecture
codan	https://en.wikipedia.org/wiki/Codan
u.s._cellular	https://en.wikipedia.org/wiki/U.S._Cellular
lenovo	https://en.wikipedia.org/wiki/Lenovo
tyan	https://en.wikipedia.org/wiki/Tyan
meyer_burger	https://en.wikipedia.org/wiki/Meyer_Burger
mark_levinson_audio_systems	https://en.wikipedia.org/wiki/Mark_Levinson_Audio_Systems
lanix	https://en.wikipedia.org/wiki/Lanix
ruselectronics	https://en.wikipedia.org/wiki/Ruselectronics
ebm-papst	https://en.wikipedia.org/wiki/Ebm-papst
miele	https://en.wikipedia.org/wiki/Miele
fender_musical_instruments_corporation	https://en.wikipedia.org/wiki/Fender_Musical_Instruments_Corporation
havells	https://en.wikipedia.org/wiki/Havells
kaneka_corporation	https://en.wikipedia.org/wiki/Kaneka_Corporation
videocon	https://en.wikipedia.org/wiki/Videocon
mips_technologies	https://en.wikipedia.org/wiki/MIPS_Technologies
avibras	https://en.wikipedia.org/wiki/Avibras
plextor	https://en.wikipedia.org/wiki/Plextor
embraer	https://en.wikipedia.org/wiki/Embraer
geil	https://en.wikipedia.org/wiki/GeIL
tcl_corporation	https://en.wikipedia.org/wiki/TCL_Corporation
bt_group	https://en.wikipedia.org/wiki/BT_Group
bentley	https://en.wikipedia.org/wiki/Bentley
oqo	https://en.wikipedia.org/wiki/OQO
revox	https://en.wikipedia.org/wiki/Revox
amalgamated_wireless_(australasia)	https://en.wikipedia.org/wiki/Amalgamated_Wireless_(Australasia)
tokuyama_corporation	https://en.wikipedia.org/wiki/Tokuyama_Corporation
mesh_computers	https://en.wikipedia.org/wiki/Mesh_Computers
aol_instant_messenger	https://en.wikipedia.org/wiki/AOL_Instant_Messenger
wacker_chemie	https://en.wikipedia.org/wiki/Wacker_Chemie
sopogy	https://en.wikipedia.org/wiki/Sopogy
avr_microcontrollers	https://en.wikipedia.org/wiki/AVR_microcontrollers
alps_electric_co.	https://en.wikipedia.org/wiki/Alps_Electric_Co.
micro-star_international	https://en.wikipedia.org/wiki/Micro-Star_International
leadtek	https://en.wikipedia.org/wiki/Leadtek
sigma_designs	https://en.wikipedia.org/wiki/Sigma_Designs
mamiya	https://en.wikipedia.org/wiki/Mamiya
dolby_voice	https://en.wikipedia.org/wiki/Dolby_Voice
solidrun	https://en.wikipedia.org/wiki/SolidRun
saint-gobain	https://en.wikipedia.org/wiki/Saint-Gobain
lexus	https://en.wikipedia.org/wiki/Lexus
thyssen_ag	https://en.wikipedia.org/wiki/Thyssen_AG
ford	https://en.wikipedia.org/wiki/Ford
research_machines	https://en.wikipedia.org/wiki/Research_Machines
cromemco	https://en.wikipedia.org/wiki/Cromemco
lifesize	https://en.wikipedia.org/wiki/LifeSize
be_quiet!	https://en.wikipedia.org/wiki/Be_quiet!
kongsberg_gruppen	https://en.wikipedia.org/wiki/Kongsberg_Gruppen
harman_international_industries	https://en.wikipedia.org/wiki/Harman_International_Industries
ekiga	https://en.wikipedia.org/wiki/Ekiga
eurosolar	https://en.wikipedia.org/wiki/Eurosolar
maxell	https://en.wikipedia.org/wiki/Maxell
systime_computers_ltd	https://en.wikipedia.org/wiki/Systime_Computers_Ltd
sozvezdie	https://en.wikipedia.org/wiki/Sozvezdie
zyxel	https://en.wikipedia.org/wiki/ZyXEL
caselabs	https://en.wikipedia.org/wiki/CaseLabs
sumco	https://en.wikipedia.org/wiki/SUMCO
general_motors	https://en.wikipedia.org/wiki/General_Motors
engineered_lifting_systems_%26_equipment_inc	https://en.wikipedia.org/wiki/Engineered_Lifting_Systems_%26_Equipment_Inc
seiko_epson	https://en.wikipedia.org/wiki/Seiko_Epson
opal_card	https://en.wikipedia.org/wiki/Opal_card
tellabs	https://en.wikipedia.org/wiki/Tellabs
facetime	https://en.wikipedia.org/wiki/FaceTime
blackmagic_design	https://en.wikipedia.org/wiki/Blackmagic_Design
quantex_microsystems	https://en.wikipedia.org/wiki/Quantex_Microsystems
transmeta	https://en.wikipedia.org/wiki/Transmeta
silicon_motion	https://en.wikipedia.org/wiki/Silicon_Motion
konarka_technologies,_inc.	https://en.wikipedia.org/wiki/Konarka_Technologies,_Inc.
promise_technology	https://en.wikipedia.org/wiki/Promise_Technology
vtech	https://en.wikipedia.org/wiki/VTech
albatron	https://en.wikipedia.org/wiki/Albatron
funai	https://en.wikipedia.org/wiki/Funai
mcintosh_laboratory	https://en.wikipedia.org/wiki/McIntosh_Laboratory
inventec	https://en.wikipedia.org/wiki/Inventec
ralink	https://en.wikipedia.org/wiki/Ralink
gionee	https://en.wikipedia.org/wiki/Gionee
audiovox	https://en.wikipedia.org/wiki/Audiovox
akai	https://en.wikipedia.org/wiki/Akai
korg	https://en.wikipedia.org/wiki/Korg
surya_roshni_limited	https://en.wikipedia.org/wiki/Surya_Roshni_Limited
andrea_electronics	https://en.wikipedia.org/wiki/Andrea_Electronics
oneplus	https://en.wikipedia.org/wiki/OnePlus
fujitsu_technology_solutions	https://en.wikipedia.org/wiki/Fujitsu_Technology_Solutions
ncr_corporation	https://en.wikipedia.org/wiki/NCR_Corporation
3m	https://en.wikipedia.org/wiki/3M
meze_headphones	https://en.wikipedia.org/wiki/Meze_Headphones
thermaltake	https://en.wikipedia.org/wiki/Thermaltake
wipro	https://en.wikipedia.org/wiki/Wipro
jenoptik	https://en.wikipedia.org/wiki/Jenoptik
ericsson	https://en.wikipedia.org/wiki/Ericsson
g.skill	https://en.wikipedia.org/wiki/G.Skill
ricoh	https://en.wikipedia.org/wiki/Ricoh
hannstar_display_corporation	https://en.wikipedia.org/wiki/HannStar_Display_Corporation
thinking_phone_networks	https://en.wikipedia.org/wiki/Thinking_Phone_Networks
nordic_semiconductor	https://en.wikipedia.org/wiki/Nordic_Semiconductor
cherry_(keyboards)	https://en.wikipedia.org/wiki/Cherry_(keyboards)
buffalo_technology	https://en.wikipedia.org/wiki/Buffalo_Technology
silicon_integrated_systems	https://en.wikipedia.org/wiki/Silicon_Integrated_Systems
coroware	https://en.wikipedia.org/wiki/CoroWare
s3_graphics	https://en.wikipedia.org/wiki/S3_Graphics
mac_os_x	https://en.wikipedia.org/wiki/Mac_OS_X
sapphire_technology	https://en.wikipedia.org/wiki/Sapphire_Technology
sparkle_computer	https://en.wikipedia.org/wiki/SPARKLE_Computer
system76	https://en.wikipedia.org/wiki/System76
gopro	https://en.wikipedia.org/wiki/GoPro
seagate_technology	https://en.wikipedia.org/wiki/Seagate_Technology
proxim	https://en.wikipedia.org/wiki/Proxim
metz_(company)	https://en.wikipedia.org/wiki/Metz_(company)
otis_elevator_company	https://en.wikipedia.org/wiki/Otis_Elevator_Company
robert_bosch_gmbh	https://en.wikipedia.org/wiki/Robert_Bosch_GmbH
htc	https://en.wikipedia.org/wiki/HTC
amd	https://en.wikipedia.org/wiki/AMD
imation	https://en.wikipedia.org/wiki/Imation
beko	https://en.wikipedia.org/wiki/Beko
rangs_group	https://en.wikipedia.org/wiki/Rangs_Group
analog_devices	https://en.wikipedia.org/wiki/Analog_Devices
mabe_mexico	https://en.wikipedia.org/wiki/Mabe_Mexico
everex	https://en.wikipedia.org/wiki/Everex
amlogic	https://en.wikipedia.org/wiki/Amlogic
delta_electronics	https://en.wikipedia.org/wiki/Delta_Electronics
groupe_bull	https://en.wikipedia.org/wiki/Groupe_Bull
conrad_electronic	https://en.wikipedia.org/wiki/Conrad_Electronic
sun_microsystems	https://en.wikipedia.org/wiki/Sun_Microsystems
nzxt	https://en.wikipedia.org/wiki/NZXT
kef_(manufacturer)	https://en.wikipedia.org/wiki/KEF_(manufacturer)
supermicro	https://en.wikipedia.org/wiki/Supermicro
strontium_technology	https://en.wikipedia.org/wiki/Strontium_Technology
avid_audio	https://en.wikipedia.org/wiki/Avid_Audio
microtek	https://en.wikipedia.org/wiki/Microtek
ferranti	https://en.wikipedia.org/wiki/Ferranti
vit,_c.a.	https://en.wikipedia.org/wiki/VIT,_C.A.
bharat_electronics	https://en.wikipedia.org/wiki/Bharat_Electronics
konica	https://en.wikipedia.org/wiki/Konica
loewe_ag	https://en.wikipedia.org/wiki/Loewe_AG
ritek	https://en.wikipedia.org/wiki/Ritek
qimonda	https://en.wikipedia.org/wiki/Qimonda
acura	https://en.wikipedia.org/wiki/Acura
polk_audio	https://en.wikipedia.org/wiki/Polk_Audio
sprint_corporation	https://en.wikipedia.org/wiki/Sprint_Corporation
rca	https://en.wikipedia.org/wiki/RCA
control_data_corporation	https://en.wikipedia.org/wiki/Control_Data_Corporation
altec_lansing	https://en.wikipedia.org/wiki/Altec_Lansing
winchip	https://en.wikipedia.org/wiki/WinChip
myki	https://en.wikipedia.org/wiki/Myki
mitsubishi	https://en.wikipedia.org/wiki/Mitsubishi
actions_semiconductor	https://en.wikipedia.org/wiki/Actions_Semiconductor
haier	https://en.wikipedia.org/wiki/Haier
english_electric	https://en.wikipedia.org/wiki/English_Electric
oregon_scientific	https://en.wikipedia.org/wiki/Oregon_Scientific
chassis_plans	https://en.wikipedia.org/wiki/Chassis_Plans
adata	https://en.wikipedia.org/wiki/ADATA
intel	https://en.wikipedia.org/wiki/Intel
franklin_electronic_publishers	https://en.wikipedia.org/wiki/Franklin_Electronic_Publishers
seiko_instruments	https://en.wikipedia.org/wiki/Seiko_Instruments
pel_(pakistan)	https://en.wikipedia.org/wiki/PEL_(Pakistan)
ocz_technology	https://en.wikipedia.org/wiki/OCZ_Technology
cemex	https://en.wikipedia.org/wiki/Cemex
xiaomi	https://en.wikipedia.org/wiki/Xiaomi
tsmc	https://en.wikipedia.org/wiki/TSMC
alba_(brand)	https://en.wikipedia.org/wiki/Alba_(brand)
jamuna_group	https://en.wikipedia.org/wiki/Jamuna_Group
paltalk	https://en.wikipedia.org/wiki/Paltalk
nortel	https://en.wikipedia.org/wiki/Nortel
mediatek	https://en.wikipedia.org/wiki/MediaTek
uniross	https://en.wikipedia.org/wiki/Uniross
rackam	https://en.wikipedia.org/wiki/Rackam
allwinner_technology	https://en.wikipedia.org/wiki/Allwinner_Technology
tvs_electronics	https://en.wikipedia.org/wiki/TVS_Electronics
razer_inc.	https://en.wikipedia.org/wiki/Razer_Inc.
mushkin	https://en.wikipedia.org/wiki/Mushkin
3dfx_interactive	https://en.wikipedia.org/wiki/3dfx_Interactive
grupo_cobra	https://en.wikipedia.org/wiki/Grupo_Cobra
ekwb	https://en.wikipedia.org/wiki/EKWB
nanosolar	https://en.wikipedia.org/wiki/Nanosolar
kensington_computer_products_group	https://en.wikipedia.org/wiki/Kensington_Computer_Products_Group
fractal_design	https://en.wikipedia.org/wiki/Fractal_Design
minox	https://en.wikipedia.org/wiki/Minox
jl_audio	https://en.wikipedia.org/wiki/JL_Audio
lexar	https://en.wikipedia.org/wiki/Lexar
dynex	https://en.wikipedia.org/wiki/Dynex
nxp_semiconductors	https://en.wikipedia.org/wiki/NXP_Semiconductors
zoostorm	https://en.wikipedia.org/wiki/Zoostorm
polycom	https://en.wikipedia.org/wiki/Polycom
stratus_computer	https://en.wikipedia.org/wiki/Stratus_Computer
meridian_audio	https://en.wikipedia.org/wiki/Meridian_Audio
daimler_company	https://en.wikipedia.org/wiki/Daimler_Company
dual_(brand)	https://en.wikipedia.org/wiki/Dual_(brand)
concord_(company)	https://en.wikipedia.org/wiki/Concord_(company)
jcg	https://en.wikipedia.org/wiki/JCG
hyperion_entertainment	https://en.wikipedia.org/wiki/Hyperion_Entertainment
micron_technology	https://en.wikipedia.org/wiki/Micron_Technology
presonus	https://en.wikipedia.org/wiki/PreSonus
video_relay_service	https://en.wikipedia.org/wiki/Video_Relay_Service
general_electric	https://en.wikipedia.org/wiki/General_Electric
shin-etsu_chemical	https://en.wikipedia.org/wiki/Shin-Etsu_Chemical
digital_equipment_corporation	https://en.wikipedia.org/wiki/Digital_Equipment_Corporation
point_of_view_(computer_hardware_company)	https://en.wikipedia.org/wiki/Point_of_View_(computer_hardware_company)
deepcool	https://en.wikipedia.org/wiki/Deepcool
karbonn_mobiles	https://en.wikipedia.org/wiki/Karbonn_Mobiles
a4tech	https://en.wikipedia.org/wiki/A4Tech
samart_group	https://en.wikipedia.org/wiki/Samart_Group
m-audio	https://en.wikipedia.org/wiki/M-Audio
russell_hobbs	https://en.wikipedia.org/wiki/Russell_Hobbs
ericsson-lg	https://en.wikipedia.org/wiki/Ericsson-LG
rambus	https://en.wikipedia.org/wiki/Rambus
zhaoxin	https://en.wikipedia.org/wiki/Zhaoxin
bpl_group	https://en.wikipedia.org/wiki/BPL_Group
via_technologies	https://en.wikipedia.org/wiki/VIA_Technologies
emachines	https://en.wikipedia.org/wiki/EMachines
mitac	https://en.wikipedia.org/wiki/MiTAC
systemax	https://en.wikipedia.org/wiki/Systemax
r%c3%b8de_microphones	https://en.wikipedia.org/wiki/R%C3%B8de_Microphones
3com	https://en.wikipedia.org/wiki/3Com
glasspoint_solar	https://en.wikipedia.org/wiki/GlassPoint_Solar
kodak	https://en.wikipedia.org/wiki/Kodak
chelsio_communications	https://en.wikipedia.org/wiki/Chelsio_Communications
edifier	https://en.wikipedia.org/wiki/Edifier
blackfin	https://en.wikipedia.org/wiki/Blackfin
jiomeet	https://en.wikipedia.org/wiki/JioMeet
elkem	https://en.wikipedia.org/wiki/Elkem
atp_electronics	https://en.wikipedia.org/wiki/ATP_Electronics
alfa_(mexico)	https://en.wikipedia.org/wiki/ALFA_(Mexico)
atmel	https://en.wikipedia.org/wiki/Atmel
braun_(company)	https://en.wikipedia.org/wiki/Braun_(company)
hoya_corporation	https://en.wikipedia.org/wiki/Hoya_Corporation
lacie	https://en.wikipedia.org/wiki/LaCie
esolar	https://en.wikipedia.org/wiki/ESolar
fortify_software	https://en.wikipedia.org/wiki/Fortify_Software
gradiente	https://en.wikipedia.org/wiki/Gradiente
solar_millennium	https://en.wikipedia.org/wiki/Solar_Millennium
adam_tablet	https://en.wikipedia.org/wiki/Adam_tablet
cyrix	https://en.wikipedia.org/wiki/Cyrix
burmester_audiosysteme	https://en.wikipedia.org/wiki/Burmester_Audiosysteme
areva	https://en.wikipedia.org/wiki/AREVA
cooler_master	https://en.wikipedia.org/wiki/Cooler_Master
scion_(automobile)	https://en.wikipedia.org/wiki/Scion_(automobile)
jlab_audio	https://en.wikipedia.org/wiki/JLab_Audio
magnavox	https://en.wikipedia.org/wiki/Magnavox
glance_networks	https://en.wikipedia.org/wiki/Glance_Networks
targus_(corporation)	https://en.wikipedia.org/wiki/Targus_(corporation)
xfx	https://en.wikipedia.org/wiki/XFX